id,base_qwen_green,medgemma_green,zc_only_green,rology_only_green,zc_rology_green
688b4baa1edfec0007aab656,0.3333333333333333,0.3333333333333333,0.3333333333333333,0.875,1.0
688b3935ea433260475d2ba5,0.1,0.1,0.0,0.42857142857142855,0.1111111111111111
688b393aea433260475d2bc0,0.08333333333333333,0.2857142857142857,0.3333333333333333,0.5,0.3333333333333333
688b3e01fbf1a400088d36c1,0.5,0.7142857142857143,0.5,0.8888888888888888,0.5
6889051ad6d087000727344d,0.14285714285714285,0.0,0.3333333333333333,0.375,0.5
688b2d115ec0230009fc5180,0.42857142857142855,0.3333333333333333,0.2857142857142857,0.7777777777777778,0.375
688b1c35b507a70006120eef,1.0,0.5,0.42857142857142855,0.875,0.5
688aa05678904c000688dee2,0.2,0.0,0.2,0.42857142857142855,0.4
688a6cc80ff842000875eae8,0.0,0.0,0.0,0.375,0.125
688a5831ea433260475c9f74,0.3333333333333333,0.16666666666666666,0.2857142857142857,0.42857142857142855,0.2857142857142857
688a38a52f86c90007f92d80,0.5,0.0,0.375,0.875,0.375
688a38987508cd00098f32c1,0.4,0.0,0.6,0.3333333333333333,0.3333333333333333
688a29474f1dea00078d54ce,0.16666666666666666,0.1,0.14285714285714285,0.1,0.2
688a1c86240fa00008c7d9b7,0.625,0.2222222222222222,0.2857142857142857,0.6666666666666666,0.375
688a1a08b887ab0007e375f6,1.0,0.4,0.42857142857142855,0.8888888888888888,0.5
688a108484245700083c2fda,1.0,0.5,0.5,0.5555555555555556,0.5
688a04fcdd28a300073cc8c2,0.2727272727272727,0.0,0.1111111111111111,0.3333333333333333,0.3
688a0a57ea433260475c3ea1,1.0,0.42857142857142855,1.0,0.1111111111111111,0.8333333333333334
688a03719b275c0007df4492,1.0,0.2727272727272727,0.375,0.875,0.75
688a0260ea433260475c337c,1.0,0.375,0.3333333333333333,0.875,0.375
688a0203c88a350007da75ab,1.0,0.3333333333333333,0.375,0.7142857142857143,0.75
688a00bb9ef0b50008b2d340,0.7142857142857143,0.5,0.375,0.5555555555555556,0.42857142857142855
68894e62ea4332c1c3172d0c,1.0,0.5,0.6,0.8333333333333334,0.8333333333333334
68894e64ea4332c1c3172d12,0.5,0.0,0.2857142857142857,0.625,0.3333333333333333
68894e65ea4332c1c3172d19,0.0,0.1,0.125,0.375,0.125
68894e67ea4332c1c3172d1f,0.0,0.14285714285714285,0.3333333333333333,0.6666666666666666,0.4
6889fa59ea433260475c2a06,0.14285714285714285,0.2857142857142857,0.16666666666666666,0.42857142857142855,0.42857142857142855
6889f57e005bd40008675030,1.0,0.5,0.5,0.75,0.5
6889ed6dea433260475c141f,0.4444444444444444,0.25,0.25,0.6,0.2857142857142857
6889eb71bc83060007fd286f,0.42857142857142855,0.3333333333333333,0.14285714285714285,0.42857142857142855,0.2857142857142857
6889e1c85a07ec00085e67c3,0.0,0.16666666666666666,0.16666666666666666,0.3333333333333333,0.2
6889db8a9720b000075a957a,0.42857142857142855,0.2222222222222222,0.2222222222222222,0.5555555555555556,0.5
6889d663bf9eba00075c7631,0.125,0.25,0.14285714285714285,0.6666666666666666,0.2857142857142857
6889ce42b5fea90007745d1f,1.0,0.6,0.625,0.16666666666666666,0.5555555555555556
6889a69fa56ba00008aa8924,0.42857142857142855,0.625,0.4,0.7142857142857143,1.0
68890f50d94c380007f0f51e,0.7142857142857143,0.0,0.125,0.16666666666666666,0.6666666666666666
68890acfea4332c1c316fdee,0.6,0.42857142857142855,0.375,0.625,0.42857142857142855
688906d9ea4332c1c316fa23,0.7142857142857143,0.42857142857142855,0.5,0.5555555555555556,0.3333333333333333
6888edcfea4332c1c316daca,0.0,0.0,0.14285714285714285,0.2222222222222222,0.14285714285714285
6888eddaea4332c1c316dafb,0.0,0.3333333333333333,0.3333333333333333,0.5,0.2857142857142857
6888eddfea4332c1c316db0a,0.16666666666666666,0.0,0.4,0.42857142857142855,0.3333333333333333
6888ede6ea4332c1c316db1f,0.45454545454545453,0.0,0.25,0.42857142857142855,0.375
6888e041b06c0b00076489b1,0.16666666666666666,0.14285714285714285,0.2,0.42857142857142855,0.2
6888eef4ea4332c1c316dcbd,1.0,0.42857142857142855,1.0,0.8333333333333334,0.8
6888dfb7ea4332c1c316c9c0,0.5,0.375,0.42857142857142855,0.375,0.6
6888dfbaea4332c1c316c9cb,0.16666666666666666,0.3333333333333333,0.14285714285714285,0.375,0.2857142857142857
6888d4cd6a48fa0007690584,1.0,0.5,0.42857142857142855,0.7142857142857143,0.5
6888be0ba5db2500084f6335,0.75,0.42857142857142855,0.3333333333333333,0.7142857142857143,0.8333333333333334
6888bf71f349c000073af7b0,1.0,0.625,0.375,0.875,0.75
6888b1efea4332c1c316904f,1.0,0.4,0.375,0.75,0.75
6888a757830012000748268b,1.0,0.375,0.375,0.75,0.375
6888a1fa6a199500090bb0ab,0.5,0.3333333333333333,0.42857142857142855,0.7142857142857143,0.42857142857142855
68888ebad7ac620007d03cf9,0.2,0.18181818181818182,0.1,0.6666666666666666,0.0
68888e86d7ac620007d03cf6,0.375,0.42857142857142855,0.3333333333333333,0.75,0.6666666666666666
68888486b225520008ec410b,0.5,0.2857142857142857,0.2857142857142857,0.375,0.375
68886805ebb36500099ed3be,1.0,0.2727272727272727,0.2857142857142857,0.875,0.375
6887d92eea4332c1c315fd26,0.0,0.0,0.1111111111111111,0.2222222222222222,0.1111111111111111
6887aa66ea4332c1c315d982,0.5,0.5,0.5,0.8571428571428571,0.375
6887aa7fea4332c1c315da08,0.1111111111111111,0.2,0.14285714285714285,0.7,0.25
6887aa74ea4332c1c315d9bc,0.3333333333333333,0.125,0.3333333333333333,0.5,0.3333333333333333
6887aa72ea4332c1c315d9b2,0.6,0.4,0.5,0.5,0.375
6887aa71ea4332c1c315d9ae,0.75,0.16666666666666666,0.4,0.6666666666666666,0.6666666666666666
6887aa6dea4332c1c315d99b,0.5,0.5,0.42857142857142855,0.6666666666666666,0.4
6887aa6eea4332c1c315d9a2,0.5,0.42857142857142855,0.42857142857142855,0.8888888888888888,0.5
6887a6c9ea4332c1c315d6e5,0.625,0.5,0.42857142857142855,0.375,0.5
6887899b531f9300079908f9,1.0,0.2727272727272727,0.3333333333333333,0.7142857142857143,0.75
68877befa94b2200077213f3,0.3333333333333333,0.42857142857142855,0.25,0.5,0.4
688777edbfed560007bc7174,1.0,0.3333333333333333,0.6,0.42857142857142855,0.8333333333333334
68876b9bbdc0cf00073aaf5c,0.8333333333333334,0.7142857142857143,0.5,0.4,0.5
68874dc44d01e600081ad9ba,0.16666666666666666,0.2857142857142857,0.16666666666666666,0.625,0.2857142857142857
68874c4e5966d50007fe077b,1.0,0.5,1.0,0.8333333333333334,0.8333333333333334
68873c725f1d9c0006b1e209,0.0,0.14285714285714285,0.25,0.2857142857142857,0.5
68873b547522090007db33fe,0.5,0.4,0.42857142857142855,0.7777777777777778,0.375
68873810cae85700072bc95b,0.42857142857142855,0.18181818181818182,0.42857142857142855,0.7,0.875
688738e2ea4332c1c3155bbd,0.42857142857142855,0.2727272727272727,0.375,0.875,0.7142857142857143
688733ed6817110008058cc6,1.0,0.75,0.5,0.8333333333333334,0.8333333333333334
6887333c01c43d00075a7a80,1.0,0.3,0.375,0.875,0.6666666666666666
6887256cfeffcf00082ba72b,0.7142857142857143,0.18181818181818182,0.5,0.6666666666666666,0.5
6887244b0a84b20007cc1a2b,0.5,0.3,0.42857142857142855,0.625,0.5
68867350ea4332c1c314e95f,0.2,0.2857142857142857,0.0,0.25,0.42857142857142855
68867314ea4332c1c314e92f,0.75,0.42857142857142855,1.0,0.08333333333333333,1.0
688670f95774c20007fa07cf,0.6,0.5,0.3333333333333333,1.0,0.8333333333333334
68866a7e50274200071336ae,0.5,0.5,0.125,0.42857142857142855,0.2857142857142857
6886681cea4332c1c314decf,0.3,0.2,0.3333333333333333,0.875,0.42857142857142855
688663223705b30007d63b41,1.0,0.375,0.75,1.0,0.75
68865b3fea4332c1c314ce59,0.625,0.42857142857142855,0.375,0.6666666666666666,0.42857142857142855
6886565e8ce6520006522ec0,1.0,0.5714285714285714,1.0,0.8333333333333334,0.8333333333333334
688656868ce6520006522ec2,0.3,0.14285714285714285,0.1111111111111111,0.5,0.2
6886537eeb596d00082fa4a3,1.0,0.5,0.5,1.0,0.8
688647bfaf9e520008f76132,0.0,0.0,0.0,0.0,0.0
68863c65c7fe4d0007e4937d,0.375,0.0,0.14285714285714285,0.14285714285714285,0.14285714285714285
68863c7d6895bf00073da75f,0.75,0.1111111111111111,0.75,0.42857142857142855,0.5
68864d6df19d90000764de5d,0.125,0.14285714285714285,0.1111111111111111,0.1111111111111111,0.2222222222222222
688645c29a12010008ae4368,0.0,0.3333333333333333,0.375,0.875,0.75
6886434d76fcb900080266b3,0.8,0.7142857142857143,0.42857142857142855,0.75,0.42857142857142855
68863d97dc96fb0007c88141,1.0,0.7142857142857143,0.3333333333333333,0.5,0.4
688631371ee13d00096cf69b,0.25,0.2222222222222222,0.2857142857142857,0.375,0.25
688630e130a241000774a16c,0.6,0.3333333333333333,0.42857142857142855,0.42857142857142855,0.42857142857142855
68862d80e9fff100084847a5,0.0,0.14285714285714285,0.25,0.2857142857142857,0.2
68860d8bace5fe00083d1594,0.625,0.42857142857142855,0.5,0.5555555555555556,0.5
688602c1ea4332c1c31454e1,0.4,0.5,0.0,0.6666666666666666,0.3333333333333333
688602caea4332c1c3145504,0.5714285714285714,0.42857142857142855,0.375,0.6666666666666666,0.375
688602d0ea4332c1c3145516,0.3333333333333333,0.375,0.375,0.8571428571428571,0.5
688602d8ea4332c1c314551f,0.1,0.42857142857142855,0.2857142857142857,0.7777777777777778,0.2857142857142857
688602d9ea4332c1c3145525,0.2,0.125,0.14285714285714285,0.42857142857142855,0.16666666666666666
6885fe1f673d1c0008566244,0.3333333333333333,0.3333333333333333,0.2857142857142857,0.75,0.3333333333333333
6885ec94e561ee00087f9548,0.14285714285714285,0.25,0.25,0.6666666666666666,0.25
6885e895e561ee00087f9530,0.125,0.3333333333333333,0.375,0.375,0.5
6885cb4514e93200088108c7,0.375,0.5,0.42857142857142855,0.42857142857142855,0.3333333333333333
688544e9997eb20007756906,0.16666666666666666,0.125,0.3333333333333333,0.6,0.5
688544d8997eb20007756903,0.3333333333333333,0.3333333333333333,0.2,0.3333333333333333,0.3333333333333333
68854465e953ac0007c9ec63,0.14285714285714285,0.0,0.16666666666666666,0.2,0.3333333333333333
6885445fe953ac0007c9ec62,0.375,0.3333333333333333,0.75,0.5555555555555556,0.375
6884eaddefa01700089ffe1f,0.25,0.0,0.0,0.4,0.3333333333333333
68854e8035d0cc00091929ed,0.7142857142857143,0.5,0.5,0.8888888888888888,0.25
68852a9aea4332c1c3139b4a,0.375,0.0,0.5,0.1,0.375
688517ea95161500078c8a02,0.5555555555555556,0.375,0.5,0.7777777777777778,0.42857142857142855
6884eae7b177680006a05ca5,0.625,0.25,0.125,0.8888888888888888,0.5555555555555556
6884fadcea4332c1c31361ed,0.3333333333333333,0.42857142857142855,0.2,0.7142857142857143,0.375
6884fae5ea4332c1c3136209,1.0,0.1111111111111111,0.375,0.8571428571428571,0.5
6885085420c44f0006cdd69c,1.0,0.42857142857142855,0.5,0.8,0.8333333333333334
6884fd71909cc90008edd59e,0.16666666666666666,0.2857142857142857,0.3333333333333333,0.5,0.5
6884f834f5fb5900088c678f,1.0,0.625,0.42857142857142855,0.7142857142857143,0.75
6884e03e07e55a000704b2ad,0.125,0.2857142857142857,0.25,0.5714285714285714,0.4
6884dc2440aa7d0005c9c9e5,0.3333333333333333,0.25,0.25,0.375,0.2857142857142857
6884d960c6693e0009d12100,0.42857142857142855,0.42857142857142855,0.5,0.8571428571428571,0.5
6884c6dc3729330007685daf,0.14285714285714285,0.4,0.3333333333333333,0.75,0.4
6884b8103c85400007308e15,0.5,0.42857142857142855,0.3333333333333333,0.75,0.25
6884941a5c7c8e0007cf58b2,0.5555555555555556,0.375,0.2857142857142857,0.75,0.42857142857142855
68848eecb552ee0007fe1670,0.2222222222222222,0.42857142857142855,0.3333333333333333,0.42857142857142855,0.3333333333333333
68848a38c5383a0008ec66c1,0.16666666666666666,0.2857142857142857,0.5,0.5,0.5
68848c0a68538300072aebf2,0.14285714285714285,0.125,0.125,0.5555555555555556,0.3333333333333333
688488d175beeb00071e7409,1.0,0.375,0.5,0.5555555555555556,0.5
68847fbdea4332c1c312b056,0.625,0.2222222222222222,0.375,0.5555555555555556,0.42857142857142855
6882843dec11c40007d77699,0.6,0.375,0.7142857142857143,0.8571428571428571,0.42857142857142855
68846d6e7992c500072914bc,0.42857142857142855,0.7142857142857143,0.42857142857142855,0.375,0.625
688451f19324870007178b4b,1.0,0.375,0.2,0.2727272727272727,0.8
6883c1439c9acf0009b954cb,0.14285714285714285,0.3333333333333333,0.375,0.3,0.375
6883bc71b8e45d00080465e6,1.0,0.42857142857142855,0.5,0.8333333333333334,0.42857142857142855
688381afea4332c1c312440f,0.42857142857142855,0.2857142857142857,0.3333333333333333,0.5555555555555556,0.3333333333333333
688381b4ea4332c1c3124422,0.5,0.4,0.5,1.0,0.3333333333333333
68836dd48f76e00008069a18,0.42857142857142855,0.0,0.125,0.7777777777777778,0.2222222222222222
6883844d2387960008e7694c,0.6,0.3333333333333333,0.42857142857142855,0.5,0.5
68825f4bea4332c1c311a278,0.0,0.2,0.25,0.8333333333333334,0.3333333333333333
68836e3e8f76e00008069a1a,0.4,0.2,0.375,0.5555555555555556,0.5
688368388f76e00008069a03,0.75,0.42857142857142855,0.5,0.625,0.375
68835f27b228e40008e326cd,0.625,0.42857142857142855,0.3333333333333333,0.8888888888888888,0.5
6883625eb228e40008e326d7,0.5,0.375,0.42857142857142855,0.8888888888888888,0.3333333333333333
68834ff3b228e40008e326ab,0.5,0.5,0.5,0.7777777777777778,0.5
688343a0a0127d0008597493,0.8333333333333334,0.2,0.5,0.7777777777777778,0.5
6883434ba0127d0008597491,0.625,0.375,0.5,0.5,0.5
68833fb9a0127d000859748b,0.8,0.375,0.5,0.6666666666666666,0.5
68832f0a1245ba00082aecc4,1.0,0.2727272727272727,0.375,0.2222222222222222,0.5
688323e5e558b5000827ea7b,0.8333333333333334,0.625,0.3333333333333333,0.42857142857142855,0.5
68830fb97d982d000899b62f,0.42857142857142855,0.3333333333333333,0.2222222222222222,0.5555555555555556,0.42857142857142855
688285fbde47880006569021,0.16666666666666666,0.3333333333333333,0.16666666666666666,0.375,0.3333333333333333
68828425ec11c40007d77698,0.375,0.42857142857142855,0.5555555555555556,0.5555555555555556,0.42857142857142855
68827bc46a9c2800072f453b,0.3333333333333333,0.125,0.2,0.4,0.2
68826fd1bbe87a000886a69f,0.625,0.42857142857142855,0.42857142857142855,0.875,0.42857142857142855
68826328f36493000838e931,0.5,0.3333333333333333,0.3333333333333333,1.0,0.8333333333333334
68825e7827eaba000786db2d,1.0,0.42857142857142855,1.0,0.8333333333333334,1.0
68825524ea4332c1c31195eb,0.5,0.42857142857142855,0.4,0.75,0.5
6882552fea4332c1c3119610,1.0,0.8333333333333334,0.5,0.625,0.5
6882552fea4332c1c3119613,0.5,0.42857142857142855,0.14285714285714285,0.8333333333333334,0.16666666666666666
68824b39f7c17a000794ab18,1.0,1.0,0.5714285714285714,0.8333333333333334,0.42857142857142855
688258aeea4332c1c3119a42,0.5,0.3333333333333333,0.3,0.8571428571428571,0.3
688252088d408a000796d129,0.42857142857142855,0.5,0.42857142857142855,0.375,0.42857142857142855
68824b00f897820008f7e7eb,0.5,0.6,0.42857142857142855,0.75,0.42857142857142855
68821854b7b67a000763efbd,0.625,0.0,0.42857142857142855,0.75,0.3333333333333333
68823d6ed6679c00082bc9f4,0.8571428571428571,0.375,0.42857142857142855,0.8571428571428571,0.42857142857142855
688232896fe96800075277f3,0.375,0.25,0.42857142857142855,0.3333333333333333,0.2857142857142857
68821283ea4332c1c31153c2,0.0,0.16666666666666666,0.3333333333333333,0.42857142857142855,0.2
6882108cb4786e000630820b,1.0,0.5,0.5,0.4,1.0
6882103dfeffef0007f960aa,1.0,0.3333333333333333,0.18181818181818182,0.75,0.75
6881f289adda16000941d608,0.375,0.42857142857142855,0.3333333333333333,0.6666666666666666,0.2857142857142857
6881ed39c0eb700007d47307,0.3333333333333333,0.25,0.3333333333333333,1.0,0.42857142857142855
6881fce98fe8530007bc5727,0.7142857142857143,0.7142857142857143,0.5,0.75,0.375
6881fab640eb4c0006bea08a,1.0,0.625,0.5,0.4,0.5
6881f822fdb67000076abdc5,0.42857142857142855,0.5,0.7142857142857143,0.875,0.42857142857142855
6881eaa70bc33000070a517d,0.42857142857142855,0.42857142857142855,0.42857142857142855,0.625,0.42857142857142855
6881e94d0db8c8000802c9a9,0.14285714285714285,0.2,0.5,0.5555555555555556,0.42857142857142855
6881e3bea13f0d000790ef1c,0.0,0.2857142857142857,0.2857142857142857,0.5555555555555556,0.42857142857142855
6881d0f4f8a53700087a26f8,0.0,0.3333333333333333,0.4,0.6666666666666666,0.6666666666666666
68816806e2bbd40008e391e2,0.2,0.125,0.0,0.375,0.0
6881709992e761000707d879,0.16666666666666666,0.0,0.14285714285714285,0.42857142857142855,0.14285714285714285
68816f3762b64d00076120f4,0.42857142857142855,0.1,0.3333333333333333,0.1,0.18181818181818182
68816f2e3ae1740007f2f664,0.375,0.1111111111111111,0.2222222222222222,0.42857142857142855,0.4
68816806e2bbd40008e391e7,0.2,0.16666666666666666,0.16666666666666666,0.375,0.2857142857142857
68816806e2bbd40008e391ea,1.0,0.375,1.0,0.8333333333333334,0.42857142857142855
68810f9eea4332c1c310b9ce,0.375,0.2857142857142857,0.3333333333333333,0.7,0.3333333333333333
68810fa5ea4332c1c310b9e5,0.42857142857142855,0.25,0.5,0.6363636363636364,0.375
68810fa6ea4332c1c310b9e8,1.0,0.25,0.5,0.5555555555555556,0.5
68810fa7ea4332c1c310b9ec,0.5,0.4444444444444444,0.5,0.875,0.625
68810fafea4332c1c310ba12,0.5,0.375,0.375,0.8571428571428571,0.375
68810e8d698ee300081e2909,0.375,0.42857142857142855,0.7142857142857143,0.8888888888888888,0.42857142857142855
688121c0dc456c0007e52873,1.0,0.3,0.5,0.875,0.375
688115f79187ee0007e63cf9,0.75,0.5,0.4,0.6,0.8333333333333334
68811581ea4332c1c310c198,0.5,0.5,0.3333333333333333,0.8888888888888888,0.375
688108103d7c09000834655a,0.8,0.7142857142857143,0.5714285714285714,0.7777777777777778,0.5
6880fa7671fc160008d035a0,1.0,0.8333333333333334,1.0,0.5714285714285714,0.2857142857142857
6880f7ba18314d0008bb68b2,0.8333333333333334,0.25,0.375,0.3333333333333333,0.16666666666666666
6880f60518314d0008bb68aa,1.0,0.625,0.5,0.625,0.375
6880f2f418314d0008bb6894,0.0,0.2,0.42857142857142855,0.5555555555555556,0.5
6880ef75e14e9d000856a71c,0.16666666666666666,0.2,0.2857142857142857,0.42857142857142855,0.42857142857142855
6880ee4808181600085cb5f9,1.0,0.6666666666666666,0.3333333333333333,0.375,0.375
6880e1fac9e99a0008380fd0,0.2,0.0,0.0,0.4,0.2
6880d2e8e14e9d000856a6b0,0.8333333333333334,0.6,0.42857142857142855,0.42857142857142855,0.5555555555555556
6880a5cca7a9a00008d2abad,0.42857142857142855,0.25,0.25,1.0,0.25
6880a3e7ea4332c1c3104537,0.6,0.5714285714285714,0.3333333333333333,0.42857142857142855,0.3333333333333333
6880a1c88fabb50008580773,0.5,0.2857142857142857,0.3333333333333333,0.42857142857142855,0.3333333333333333
68809e1d8fabb50008580754,0.5,0.75,0.5,0.8333333333333334,1.0
68809e4e8fabb50008580756,1.0,0.2857142857142857,0.42857142857142855,0.625,0.625
68809c798fabb50008580743,0.8,0.5,0.75,0.8333333333333334,1.0
68809a9e8fabb50008580734,0.42857142857142855,0.2222222222222222,0.42857142857142855,0.5555555555555556,0.5
688099b9ea4332c1c31039e4,0.6666666666666666,0.5,0.25,0.6,0.7142857142857143
688093b9e59da50008d26f3c,1.0,0.75,0.5,1.0,1.0
687fe78cefc56a000717b726,0.4,0.42857142857142855,0.5,0.5555555555555556,0.625
687fdddaed9e4a000716801d,0.6666666666666666,0.3333333333333333,0.5,1.0,0.8333333333333334
687fdca570b92400089a97a8,1.0,0.5,0.5,0.7777777777777778,0.5
687fd4e09ff2a0000782d974,1.0,0.375,0.375,0.875,0.8333333333333334
687fc8e4aa46480007ad088b,0.2,0.2222222222222222,0.5,0.75,0.7142857142857143
687faa51ea4332c1c30fa597,0.42857142857142855,0.5,0.4,0.7777777777777778,0.5
687fb4d1ecfdbe00081800d0,1.0,0.5,0.375,0.875,0.375
687faa53ea4332c1c30fa5a6,0.375,0.125,0.25,0.42857142857142855,0.2
687fb0718679bb0007ac293b,1.0,0.3333333333333333,0.375,0.875,0.75
687faa478533590009029fd7,0.625,0.2857142857142857,0.42857142857142855,0.8888888888888888,0.42857142857142855
687fae8810ef7f0007574418,1.0,0.5,0.3,0.75,0.75
687face3868d660008b957b8,1.0,0.18181818181818182,0.42857142857142855,0.8888888888888888,0.5
687f9833cfb64b0008878a88,1.0,0.5555555555555556,0.5,0.8333333333333334,0.42857142857142855
687f906d1496510008894ee6,0.0,0.375,0.4,0.5,0.4
687f8cbfcba965000983d042,0.8333333333333334,0.375,0.42857142857142855,0.625,0.5
687f6f713734120009e9c6b7,0.42857142857142855,0.3333333333333333,0.42857142857142855,1.0,0.42857142857142855
687f8b59ea4332c1c30f7a6e,1.0,0.625,0.5,0.7142857142857143,0.6666666666666666
687f8496735f51000714b7fc,1.0,0.0,0.42857142857142855,0.7142857142857143,0.75
687f6f889ee05800076d5260,0.5714285714285714,0.25,0.2857142857142857,0.8333333333333334,0.3333333333333333
687f7d57d8cd0700099c74bf,1.0,0.42857142857142855,0.375,0.875,0.7142857142857143
687f6f3cae3f6d0006896ff9,0.23076923076923078,0.3333333333333333,0.2857142857142857,0.42857142857142855,0.2857142857142857
687f6f46ae3f6d0006896ffc,0.16666666666666666,0.2,0.8333333333333334,0.7777777777777778,0.5
687f70ddea4332c1c30f5879,0.5,0.5714285714285714,0.16666666666666666,0.42857142857142855,0.42857142857142855
687f66912955ed0008368c3f,1.0,0.42857142857142855,0.5,1.0,0.42857142857142855
687f67baf952c50007f9a88e,0.4444444444444444,0.3333333333333333,0.375,0.8,0.42857142857142855
687f60ba966ecf0007b6a734,0.14285714285714285,0.3333333333333333,0.2857142857142857,0.5555555555555556,0.3333333333333333
687f5151e4c31a0008988008,0.6666666666666666,0.375,0.3333333333333333,0.625,0.3333333333333333
687f51cbd164ad00072a2355,1.0,0.8,0.5,0.14285714285714285,0.3333333333333333
687f4c8ea4a92a00061e4e87,0.3333333333333333,0.2,0.14285714285714285,0.375,0.14285714285714285
687f4c48f6a35c0008c6c30b,0.5555555555555556,0.42857142857142855,0.375,0.5555555555555556,0.375
687f4809ea4332c1c30f1cbf,0.5,0.2857142857142857,0.375,0.625,0.7142857142857143
687f46ac39a13d00088baf9a,0.375,0.2222222222222222,0.3333333333333333,0.8888888888888888,0.3
687f40c7a94c87000657b06d,1.0,0.42857142857142855,0.5,0.875,0.5
687f3db43af56a0008f374e7,0.16666666666666666,0.14285714285714285,0.125,0.42857142857142855,0.42857142857142855
687f3571b8a54800073eea66,0.25,0.2857142857142857,0.375,0.6,0.375
687e947ac2b74c000821dba3,0.3333333333333333,0.7142857142857143,0.5,0.42857142857142855,0.5
687e7f5fea4332c1c30e8939,0.1111111111111111,0.0,0.09090909090909091,0.42857142857142855,0.1111111111111111
687e7f5dea4332c1c30e892e,0.7142857142857143,0.375,0.42857142857142855,0.875,0.625
687e7c4622c7b10008b4dcdc,0.1111111111111111,0.2857142857142857,0.2857142857142857,0.42857142857142855,0.2857142857142857
687e7713bbb9360008148c4d,0.5,0.42857142857142855,0.42857142857142855,0.3333333333333333,0.42857142857142855
687e7417c6e6a6000786353c,0.16666666666666666,0.09090909090909091,0.25,0.42857142857142855,0.25
687e72501916de0008870ca1,1.0,0.5,0.5,0.625,0.5
687e6d6644a0dc0008953e02,0.375,0.5,0.2857142857142857,0.625,0.5
687e67ecea4332c1c30e6eee,1.0,0.5,0.5,0.8571428571428571,0.5
687e629403c9ab0007ec16a0,0.5,0.3333333333333333,0.42857142857142855,0.42857142857142855,0.5
687df7ce6eb34b00080e57a7,0.625,0.42857142857142855,0.42857142857142855,0.7142857142857143,0.7142857142857143
687cecf86ac7420006a99663,0.1111111111111111,0.2857142857142857,0.0,0.42857142857142855,0.5
687e5bea31a8b40006818f05,0.8333333333333334,0.8333333333333334,0.5,0.75,0.7142857142857143
687e58feea4332c1c30e5a33,0.2,0.25,0.4,0.0,0.0
687e4b5eea4332c1c30e4bc8,0.8333333333333334,0.625,0.42857142857142855,0.5555555555555556,0.5
687e48d9dd816500075f8002,1.0,0.6,0.42857142857142855,0.375,0.5
687e3689de5ec300079e9a66,0.2857142857142857,0.25,0.5,0.8571428571428571,0.2857142857142857
687e3354639fb30006492adb,0.125,0.42857142857142855,0.2857142857142857,0.625,0.2857142857142857
687e276423ecd70008d31bfc,1.0,0.2,0.5,0.75,0.5
687e2cace37a300007d53ae8,1.0,0.2857142857142857,0.5,0.5555555555555556,0.5
687e1b27ea4332c1c30e1aa5,1.0,0.2727272727272727,0.375,0.875,0.375
687df5d59fbcae0008b0f883,0.42857142857142855,0.25,0.2,1.0,0.3333333333333333
687dfc20f308740008b3e6ed,1.0,0.375,0.375,0.875,0.7142857142857143
687df9aded7ca00008d246e4,0.5714285714285714,0.625,0.5,0.6,0.42857142857142855
687dec92b51d0e000615c48f,0.7142857142857143,0.18181818181818182,0.42857142857142855,0.6666666666666666,0.42857142857142855
687ddb1040c06900070edc8d,0.3,0.25,0.09090909090909091,1.0,0.3333333333333333
687de75325b2990008c044db,0.14285714285714285,0.375,0.2222222222222222,0.09090909090909091,0.375
687de6f0db838100087c1499,0.5,0.42857142857142855,0.375,0.75,0.375
687ddc88f306550006d557ba,1.0,0.2857142857142857,0.5,0.8571428571428571,0.5
687dc86027bc3c00073511f4,0.5,0.42857142857142855,0.375,0.5555555555555556,0.2857142857142857
687d3182f5bd5d00072588fc,0.0,0.625,0.6,0.625,0.5
687d300cea4332c1c30d4303,0.3333333333333333,0.0,0.2857142857142857,0.5,0.42857142857142855
687d2c32c3c4bd0007ed4ffb,0.375,0.3333333333333333,0.42857142857142855,0.42857142857142855,0.42857142857142855
687d136bea4332c1c30d218b,0.5,0.25,0.3,0.6,0.25
687d1374ea4332c1c30d21b3,0.2727272727272727,0.18181818181818182,0.25,0.375,0.2
687d1377ea4332c1c30d21bc,0.23076923076923078,0.07692307692307693,0.375,0.2857142857142857,0.2222222222222222
687d137aea4332c1c30d21c7,0.375,0.5,0.42857142857142855,0.42857142857142855,0.5
687d2954ea4332c1c30d3996,0.375,0.375,0.42857142857142855,0.5,0.375
687d2652b84fd10007e458ed,0.625,0.42857142857142855,0.5,0.45454545454545453,0.6
687d246faee25f0008f38541,0.16666666666666666,0.2857142857142857,0.42857142857142855,0.625,0.375
687d1b0a4751df0007db9513,0.75,0.3333333333333333,0.3333333333333333,0.7142857142857143,0.42857142857142855
687d09a6501b7f000745b851,1.0,0.2,0.5,0.8888888888888888,0.42857142857142855
687d02cb478e9c0007923b5d,0.25,0.09090909090909091,0.14285714285714285,0.3333333333333333,0.375
687d0548dcfb670008d124d3,1.0,0.625,0.375,0.875,0.42857142857142855
687cfb76f239140006523334,0.42857142857142855,0.5,0.2857142857142857,0.8888888888888888,0.2857142857142857
687cf8e3af8f700009cdda18,0.5555555555555556,0.2,0.42857142857142855,1.0,0.42857142857142855
687cf4d61c417300083db481,0.25,0.1111111111111111,0.25,0.2857142857142857,0.25
687cee31ea4332c1c30cf369,1.0,0.42857142857142855,0.5,0.7142857142857143,0.5
687ce7565c3b91000743b527,0.6,0.4,0.2857142857142857,0.3333333333333333,0.3333333333333333
687ce429e36916000869b50d,0.42857142857142855,0.25,0.25,0.2,0.4
687ce1e64450fa000731a5fb,1.0,0.7142857142857143,0.42857142857142855,0.5,0.5
687cd15fea4332c1c30ccca2,0.16666666666666666,0.4,0.16666666666666666,0.42857142857142855,0.2857142857142857
687cd168ea4332c1c30ccd2d,0.5,0.42857142857142855,0.375,0.75,0.375
687cd165ea4332c1c30ccd23,0.2,0.0,0.0,0.3333333333333333,0.16666666666666666
687c9ddcfce60e000795e5de,0.16666666666666666,0.16666666666666666,0.125,0.6666666666666666,0.42857142857142855
687cab760efd73000840448d,0.375,0.2857142857142857,0.25,0.7777777777777778,0.2857142857142857
687caab3008fc80007ef34f6,0.3333333333333333,0.42857142857142855,0.2222222222222222,0.5,0.25
687cb219280eca0008f01212,0.14285714285714285,0.25,0.14285714285714285,0.5,0.14285714285714285
687cb1e0280eca0008f0120e,0.14285714285714285,0.125,0.125,0.42857142857142855,0.5
687ca3f006166b0007e60c55,0.7142857142857143,0.3333333333333333,0.6666666666666666,1.0,1.0
687c9e4eea4332c1c30c8b80,1.0,0.75,0.125,0.8333333333333334,0.3333333333333333
687c9905e6ddda000892c00c,0.25,0.1111111111111111,0.42857142857142855,0.7777777777777778,0.2857142857142857
687c9268f658e9000867fdda,0.5,0.42857142857142855,0.2,0.5,0.5
687c901b9b61bc0007da1d9c,0.3333333333333333,0.25,0.2857142857142857,0.8888888888888888,0.25
687c8d153bc8760008c014a5,0.16666666666666666,0.125,0.3333333333333333,0.8888888888888888,0.2857142857142857
687bb273665ae20007a313a3,0.2857142857142857,0.42857142857142855,0.14285714285714285,0.14285714285714285,0.14285714285714285
687be89f5f1c2900074d010d,0.2,0.0,0.0,0.4,0.2857142857142857
687be2bf2a561a0008726314,0.375,0.5,0.375,0.3333333333333333,0.42857142857142855
687bcfcc6741ab00071c6383,0.8333333333333334,0.375,0.42857142857142855,0.3333333333333333,0.5
687bceab79b5df00097f0596,0.7142857142857143,0.5714285714285714,0.16666666666666666,0.7142857142857143,0.5
687bc4dd0eede100072d1798,0.5,0.75,0.5,0.7777777777777778,0.42857142857142855
687ba7180998ad0007442dab,0.5,0.42857142857142855,0.42857142857142855,0.625,0.42857142857142855
687ba8dadb8c260007e8304a,0.75,0.42857142857142855,0.42857142857142855,0.5555555555555556,0.42857142857142855
687bb86430732f00060ebd50,1.0,0.7142857142857143,0.42857142857142855,0.8888888888888888,0.5
687bb7fa724f70000800a5bd,1.0,0.5,0.375,0.875,0.75
687bb6c3b677e400088ed412,0.2857142857142857,0.2222222222222222,0.5,0.7142857142857143,0.5
687bb08b37dc63000770aee0,0.42857142857142855,0.375,0.42857142857142855,0.6,0.5
687bade587260b0007469368,0.8333333333333334,0.2,0.5555555555555556,0.7,0.5
687ba8ee0998ad0007442db0,0.625,0.2222222222222222,0.3333333333333333,0.3333333333333333,0.3333333333333333
687ba5d99dc20e00075dc874,0.2857142857142857,0.3333333333333333,0.42857142857142855,0.42857142857142855,0.5
687bb23dea4332c1c30c01da,0.7142857142857143,0.2857142857142857,0.2857142857142857,0.7142857142857143,0.42857142857142855
687b9d7dea4332c1c30bec93,1.0,0.18181818181818182,0.07142857142857142,0.625,0.42857142857142855
687ba3e330f7270008a8a822,0.0,0.1,0.1111111111111111,0.42857142857142855,0.25
687b6e53e512650008d223af,1.0,0.7142857142857143,0.375,0.8571428571428571,0.5
687b965e842ed10008b8cfe2,0.7142857142857143,0.2222222222222222,0.5,0.7,0.5
687b90889e51580006cbcf45,1.0,0.4,0.4,0.6,0.6
687b8c037e503700093911a2,0.3333333333333333,0.3333333333333333,0.125,0.625,0.3333333333333333
687b8002e8c69a0009dabcae,0.625,0.375,0.3333333333333333,0.8571428571428571,0.375
687b6babea4332c1c30bb83f,0.2,0.2,0.2,0.3333333333333333,0.2
687b680e5c6a4b0007281c9a,0.6,0.2857142857142857,0.5,0.625,0.3333333333333333
687953fe8ae1e20007772675,0.3333333333333333,0.25,0.2857142857142857,0.5555555555555556,0.375
687b59719bd6e40007c617af,0.42857142857142855,0.8333333333333334,0.5,0.7777777777777778,0.5
687b48a3bf39f20007ce4293,0.75,0.5,0.375,1.0,0.42857142857142855
687b3e21ea4332f3c7eca68f,0.625,0.375,0.5,1.0,0.375
687b38a07bd6950008985ae2,0.0,0.0,0.14285714285714285,0.42857142857142855,0.14285714285714285
687af412db3eaa0008cb2e2b,0.0,0.14285714285714285,0.0,0.2857142857142857,0.0
687ae7e9406e4300082abedf,0.5,0.4,0.75,0.8,0.5
687ac5f203cafd0008120985,0.625,0.25,0.375,0.8888888888888888,0.375
687aa363ea4332f3c7ec79db,1.0,0.625,0.3333333333333333,0.875,0.375
687aa368ea4332f3c7ec79e7,0.42857142857142855,0.42857142857142855,0.25,0.75,0.5
687aa36cea4332f3c7ec79f4,0.3333333333333333,0.25,0.2857142857142857,0.75,0.14285714285714285
687a57aa35059300071cea5d,0.8333333333333334,0.5,0.5,0.8571428571428571,0.625
687a4f6dea4332f3c7ec4a5d,0.3333333333333333,0.25,0.42857142857142855,1.0,0.5
687a4f71ea4332f3c7ec4a6a,0.625,0.42857142857142855,0.42857142857142855,0.5555555555555556,0.42857142857142855
687a5a075596280007262ab1,0.625,0.5555555555555556,0.5,0.6666666666666666,0.3333333333333333
687a567d7a3ef0000845929e,0.8333333333333334,0.5,0.42857142857142855,0.42857142857142855,0.3333333333333333
687a55e2a7294e000706c367,1.0,0.7142857142857143,0.5,0.8,0.42857142857142855
687a52fcb746c30009ee3925,1.0,0.5,0.5,0.75,0.5
687a50b70a7fdc0009ec63d7,0.375,0.0,0.3333333333333333,0.5555555555555556,0.2222222222222222
687a4023b531a40007b1fc45,1.0,0.3,0.5,0.875,0.5
687a300d316ac40008861948,0.0,0.5,0.375,0.7142857142857143,0.4
687a36874a60450006c1dc49,0.14285714285714285,0.2857142857142857,0.5,0.7142857142857143,0.42857142857142855
687a372c4a917a000731f750,0.625,0.375,0.375,0.7777777777777778,0.7142857142857143
687a3659bde8880008379e96,1.0,0.6666666666666666,0.42857142857142855,1.0,0.42857142857142855
687a31b160ae6f0008e01277,0.42857142857142855,0.5,0.5,0.8571428571428571,0.2857142857142857
687a2f2dcdd2140007ce0866,1.0,0.42857142857142855,0.375,0.75,0.42857142857142855
687a1aab3bb7f6000726e1fa,1.0,0.7142857142857143,0.42857142857142855,0.7142857142857143,0.42857142857142855
687a17d5bcacb200087cfc77,1.0,0.08333333333333333,0.375,0.125,0.75
687a180ec7496f00092c4745,0.45454545454545453,0.3333333333333333,0.09090909090909091,1.0,0.3333333333333333
687a148cb7dffc0008b47ec1,0.2857142857142857,0.25,0.5,0.7777777777777778,0.42857142857142855
687a1183d00cee00078ba3cb,0.6,0.2222222222222222,0.16666666666666666,0.6,0.7142857142857143
687a0e9cea4332f3c7ec2460,0.2727272727272727,0.1,0.3333333333333333,0.6,0.3333333333333333
6879fccc8bfe380008ef8f19,0.8333333333333334,0.18181818181818182,0.3333333333333333,0.2,0.42857142857142855
6879fc24ea4332f3c7ec1a67,0.8333333333333334,0.3333333333333333,0.5,1.0,0.4
6879745fe734490008703bb3,0.3333333333333333,0.2222222222222222,0.42857142857142855,0.7272727272727273,0.25
6878d569ea4332f3c7eb6119,0.42857142857142855,0.375,0.625,1.0,0.42857142857142855
68793614ea4332f3c7ebd1d8,0.3333333333333333,0.1,0.125,0.2727272727272727,0.2
68793619ea4332f3c7ebd1e9,0.6,0.42857142857142855,0.6,0.7142857142857143,0.14285714285714285
6879361fea4332f3c7ebd1fc,1.0,0.2222222222222222,0.375,1.0,0.375
687924aec1295400089b8ca4,0.5,0.5,0.5,1.0,0.375
68791b178170c80007bdcdbe,0.5,0.7142857142857143,0.5,0.5555555555555556,0.5
68790ae58cf5f90007de09b0,0.75,0.5,0.2857142857142857,0.8333333333333334,0.5
687911aa6c56fc00082966bf,0.5,0.42857142857142855,0.42857142857142855,0.5,0.42857142857142855
68791087423c8400077f59fd,0.7142857142857143,0.3333333333333333,0.42857142857142855,1.0,0.42857142857142855
68790b75b6737e0008d4dfe1,0.5555555555555556,0.42857142857142855,0.5714285714285714,0.5555555555555556,0.42857142857142855
6878fe006eb21d0007857f79,1.0,0.6666666666666666,0.42857142857142855,0.3333333333333333,0.6666666666666666
6878fe7dc594250006a3fdf6,0.5,0.42857142857142855,1.0,0.8333333333333334,1.0
6878e517ea4332f3c7eb722a,0.16666666666666666,0.375,0.5,0.42857142857142855,0.375
6878e51aea4332f3c7eb723a,0.42857142857142855,0.16666666666666666,0.7142857142857143,0.2,0.75
6878f80851a7fb00085f57a5,1.0,0.375,0.5,0.8888888888888888,0.5
6878ec58b728520007ab5c6b,1.0,0.375,0.375,0.875,0.75
6878e83efe1b7e0008b018d5,0.42857142857142855,0.25,0.2857142857142857,0.42857142857142855,0.375
687622a5ea43329e182540e3,0.0,0.16666666666666666,0.3333333333333333,0.25,0.2857142857142857
6878de8972bce400083efe27,0.5,0.3333333333333333,0.4,0.625,0.4
6878dd77ea4332f3c7eb68a7,0.4,0.2,0.16666666666666666,0.375,0.3333333333333333
6878d567ea4332f3c7eb6113,0.3333333333333333,0.5,0.7142857142857143,0.8333333333333334,0.16666666666666666
6878dcefafc0fa0009d637f3,0.625,0.09090909090909091,0.5,0.6666666666666666,0.42857142857142855
6878d9dbb6e2ef0007cb8ccd,0.0,0.16666666666666666,0.1111111111111111,1.0,0.2
6878bd6eea4332f3c7eb42da,1.0,0.3,1.0,0.75,0.42857142857142855
6878bd6fea4332f3c7eb42dd,0.0,0.16666666666666666,0.0,0.3333333333333333,0.1111111111111111
6878c55608ce79000679b66e,0.3333333333333333,0.375,0.0,0.3333333333333333,0.1
6878c53248cae90007a6ea72,0.16666666666666666,0.2857142857142857,0.25,0.375,0.2857142857142857
6878c384037fbc0007bee660,0.625,0.2857142857142857,0.42857142857142855,0.625,0.42857142857142855
6878bd4d6401ac0007bac766,0.5,0.25,0.1,0.42857142857142855,0.3333333333333333
6878b9eb7204d90008001141,0.16666666666666666,0.14285714285714285,0.16666666666666666,0.5,0.3333333333333333
6878b46a2c166a0007f7f785,0.375,0.42857142857142855,0.2857142857142857,0.3333333333333333,0.14285714285714285
6878a119c64e9200071119fe,1.0,0.2,0.5,0.6666666666666666,0.42857142857142855
6877f6f3431b0700081f911f,0.1111111111111111,0.4,0.5,1.0,0.5
6877e0dad0e5770008a7fdee,1.0,0.6666666666666666,0.25,0.7142857142857143,0.5555555555555556
6877dee6dcd1f8000713db05,0.1111111111111111,0.16666666666666666,0.2,0.2857142857142857,0.3333333333333333
6877d9a401db19000776d822,0.125,0.7142857142857143,0.3333333333333333,0.7142857142857143,0.3333333333333333
6877b564ea4332f3c7ea85d3,1.0,0.375,0.375,1.0,0.5
6877b567ea4332f3c7ea85e1,0.5555555555555556,0.3333333333333333,0.42857142857142855,0.42857142857142855,0.3333333333333333
6877b569ea4332f3c7ea85ea,0.0,0.2,0.2,0.25,0.16666666666666666
6877cf34ea4332f3c7eaa6d0,0.6,0.375,0.25,0.375,0.3333333333333333
6877c01a2921d3000899f54f,0.3333333333333333,0.2727272727272727,0.5,0.875,0.75
6877c40e2123b90008ff5e29,1.0,0.3333333333333333,0.5,0.625,0.5
6877aebbea4332f3c7ea7b0b,0.7142857142857143,0.3333333333333333,0.42857142857142855,0.75,0.42857142857142855
6877aebdea4332f3c7ea7b14,0.5714285714285714,0.0,0.2857142857142857,0.42857142857142855,0.3333333333333333
6877aec1ea4332f3c7ea7b26,0.625,0.5,0.2857142857142857,0.8571428571428571,0.42857142857142855
6877afff9c3a6b0008814f57,0.8333333333333334,0.42857142857142855,0.42857142857142855,0.5555555555555556,0.42857142857142855
6877af5ca4429a00088d3b5a,0.625,0.18181818181818182,0.42857142857142855,0.6666666666666666,0.5
6877ac805b0d4b0007ae70d6,1.0,0.42857142857142855,0.42857142857142855,0.7142857142857143,0.3333333333333333
6877a62337d69800062c13d2,0.5,0.2857142857142857,0.42857142857142855,0.42857142857142855,0.5
68779098ea4332f3c7ea5b26,0.7142857142857143,0.375,0.375,0.8888888888888888,1.0
68778d6e2e2a5c00079361a9,0.42857142857142855,0.0,0.5,0.5555555555555556,0.5
68778bcfd035ef0007b21a84,1.0,0.3333333333333333,0.5,1.0,0.3333333333333333
68778b17543c7b0008161ae9,0.2857142857142857,0.6,0.2,0.42857142857142855,0.25
687787ec3222350007d0c0e2,0.7142857142857143,0.5,0.42857142857142855,1.0,0.42857142857142855
68777f0ed0c0890008fcd6f2,0.5,0.2,0.3333333333333333,0.42857142857142855,0.4
68776c04e38f74000850022d,0.625,0.3333333333333333,0.5,0.8571428571428571,0.42857142857142855
68776a48e37676000792d193,0.375,0.42857142857142855,0.2857142857142857,0.7777777777777778,0.42857142857142855
687761f01a58a50008348a6c,0.8333333333333334,0.2857142857142857,0.375,1.0,0.42857142857142855
687763c5aae26000072cce35,0.5555555555555556,0.3333333333333333,0.42857142857142855,1.0,1.0
68767731ea43329e1825b359,0.5555555555555556,0.5,0.42857142857142855,0.625,0.42857142857142855
687670d9ea43329e1825a820,1.0,0.0,0.42857142857142855,0.6666666666666666,0.5
687670a7a78c820007fc77b7,0.0,0.3333333333333333,0.3333333333333333,0.42857142857142855,0.2857142857142857
687672b3619d7d00079be4a2,0.8,0.16666666666666666,0.5,0.7777777777777778,0.5
68766a23ea43329e18259d66,0.4,0.3333333333333333,0.4,0.42857142857142855,0.16666666666666666
68766a28ea43329e18259d80,1.0,0.08333333333333333,0.2857142857142857,1.0,0.5
68766a27ea43329e18259d7d,0.375,0.3333333333333333,0.3333333333333333,0.75,0.3333333333333333
68766b658c74510007973604,0.6666666666666666,0.5,0.375,0.375,0.42857142857142855
687665acea43329e182597e4,1.0,0.625,0.42857142857142855,0.3333333333333333,0.42857142857142855
687663906d46dc0009b4374e,0.375,0.3333333333333333,0.3333333333333333,0.8333333333333334,0.3333333333333333
68765b295d420600079fef90,0.8333333333333334,0.3333333333333333,0.42857142857142855,0.3333333333333333,0.5
68765a2bb9ed8a00079d6a0c,0.42857142857142855,0.5555555555555556,0.375,0.875,0.42857142857142855
6876566a63cb03000638c6da,1.0,0.42857142857142855,0.5,0.8,0.16666666666666666
6876483e3b39c300081c7f89,1.0,0.18181818181818182,0.375,1.0,0.75
68763e5e8f40920008f20e85,0.7142857142857143,0.625,0.375,0.625,0.42857142857142855
68763b4ade16df000662dd6b,0.4,0.16666666666666666,0.3333333333333333,1.0,0.3333333333333333
687635b599d9040008f60374,0.7142857142857143,0.42857142857142855,0.5,0.7142857142857143,0.375
687635b699d9040008f60376,0.09090909090909091,0.18181818181818182,0.375,0.875,0.5555555555555556
6876166d114b89000782bcb1,0.5555555555555556,0.3333333333333333,0.5,0.7142857142857143,0.7142857142857143
68760bf25fdd5800076d41f8,0.625,0.3333333333333333,0.375,0.8,0.375
6875fe09ea43329e18251484,0.42857142857142855,0.1,0.5,0.75,0.42857142857142855
6875fd1de5a58b00074e8142,0.0,0.2857142857142857,0.42857142857142855,0.375,0.5714285714285714
6875677fea43329e1824d69a,0.42857142857142855,0.2222222222222222,0.42857142857142855,0.75,0.42857142857142855
68756777ea43329e1824d67c,0.16666666666666666,0.3333333333333333,0.3333333333333333,0.6363636363636364,0.2857142857142857
68756772ea43329e1824d668,0.8333333333333334,0.2857142857142857,0.5,0.625,0.5
6875676fea43329e1824d65e,1.0,0.2222222222222222,0.5,0.5,0.6
68754e1bea43329e1824bfdc,1.0,0.8571428571428571,0.42857142857142855,0.7142857142857143,0.42857142857142855
687549ecea43329e1824bc80,0.42857142857142855,0.42857142857142855,0.16666666666666666,0.375,0.375
687542c8cc24e4000854517b,0.8333333333333334,0.5,0.5,0.625,0.5
68753b2cea43329e1824acb9,0.3333333333333333,0.42857142857142855,0.5,0.42857142857142855,0.5
68753242ea43329e1824a1c8,1.0,0.3,0.375,0.875,0.75
68752f7b7340710007ce81dc,0.42857142857142855,0.625,0.5714285714285714,1.0,0.5
68752ad6f7fdd9000733c7fc,1.0,0.42857142857142855,1.0,0.8333333333333334,1.0
6875299f7096e70007401725,0.42857142857142855,0.25,0.2857142857142857,0.375,0.42857142857142855
68751be63ec91700088d03eb,1.0,0.375,0.3333333333333333,0.875,0.42857142857142855
68751cd3ea43329e18247df1,0.42857142857142855,0.5,0.5,0.8333333333333334,0.8333333333333334
68751935ea43329e1824778e,0.8333333333333334,0.5,0.5,0.7777777777777778,0.5
687518e87ebc620007bae04d,0.5,0.42857142857142855,0.42857142857142855,0.8888888888888888,0.42857142857142855
687518a0ffafc800073e644e,1.0,0.6,0.42857142857142855,0.42857142857142855,0.6666666666666666
6874ebdf463d1f0007597283,0.375,0.42857142857142855,0.25,0.5555555555555556,0.42857142857142855
6874e8621990e8000913c3e6,0.8333333333333334,0.4,0.16666666666666666,0.2,0.4
6874e1a58e43cd00085a0baf,0.7142857142857143,0.2857142857142857,0.4,0.375,0.375
6874b8122a6d86000748ef78,0.14285714285714285,0.2857142857142857,0.14285714285714285,0.5,0.375
6874dd72599c2e0007b1b81b,0.0,0.16666666666666666,0.16666666666666666,0.2857142857142857,0.14285714285714285
6874ddd416f63800072305af,0.5,0.5,0.42857142857142855,0.8571428571428571,0.375
6874db85ea43329e18242492,1.0,0.2727272727272727,0.375,0.5,0.25
6874ba9ee9bebe0008e822ca,1.0,0.375,0.42857142857142855,0.5,0.42857142857142855
6874cb59ea43329e18240dd2,1.0,0.5555555555555556,0.375,0.875,0.75
6874bd322c6efa0007f62640,0.8333333333333334,0.42857142857142855,0.3333333333333333,0.2,0.2857142857142857
6874bebe41214a0007ebcaa1,0.5,0.4,0.42857142857142855,1.0,1.0
6874a804d461bd00079c7dc4,0.75,0.3333333333333333,0.42857142857142855,0.75,0.42857142857142855
6874864d9d043f0009833aa8,0.2857142857142857,0.14285714285714285,0.2,0.16666666666666666,0.16666666666666666
687407feea43329e1823a5cc,0.42857142857142855,0.42857142857142855,0.2,0.6666666666666666,0.3333333333333333
687402d888dc870008091fab,1.0,0.2727272727272727,0.5,0.875,0.8
687402b888dc870008091faa,1.0,0.7142857142857143,0.42857142857142855,0.375,0.42857142857142855
68740120ea43329e1823a083,0.3333333333333333,0.125,0.4,0.5,0.14285714285714285
6873f44990f3b3000811fd64,0.6,0.3333333333333333,0.375,0.75,0.42857142857142855
6873e8576fbea400072775a5,1.0,0.42857142857142855,0.42857142857142855,0.8333333333333334,0.75
6873e646ceaa64000806833c,0.5,0.42857142857142855,0.375,1.0,0.3333333333333333
6873e1cb4388600008d36423,0.3333333333333333,0.2,0.3333333333333333,0.16666666666666666,0.42857142857142855
6873d79186de410007a00fa5,0.7142857142857143,0.3333333333333333,0.5,0.7142857142857143,0.625
6873d62730da5d00071b44a5,0.5,0.5714285714285714,0.42857142857142855,1.0,0.42857142857142855
6873d90ce6597a000724bbc0,1.0,0.625,0.375,0.75,0.5
6873d5bdaa954a0006a3039d,1.0,0.2727272727272727,0.3333333333333333,0.8888888888888888,0.5
6873d270462fe50008402a0d,1.0,0.2857142857142857,0.42857142857142855,0.7142857142857143,0.42857142857142855
6873cdf1489bc00008592e0e,0.3333333333333333,0.375,0.42857142857142855,0.7142857142857143,0.42857142857142855
6873bffb19fa1f000776504f,0.2857142857142857,0.375,0.25,0.42857142857142855,0.2857142857142857
6873b4093f11d20009ac3916,1.0,0.2857142857142857,0.3333333333333333,0.5,0.16666666666666666
6873c3b5ea43329e18235766,1.0,0.0,1.0,0.7142857142857143,0.2857142857142857
6873b5b3e108f800080fc18b,1.0,0.8571428571428571,0.5,0.7142857142857143,0.2857142857142857
6873b2e8ea43329e18234473,0.42857142857142855,0.5714285714285714,0.3333333333333333,0.5555555555555556,0.375
6873affff573c40008448e87,0.375,0.2857142857142857,0.3333333333333333,0.6666666666666666,0.2857142857142857
6873ab593d40ff000771b07b,0.2,0.125,0.42857142857142855,0.375,0.42857142857142855
68739822ea43329e1823270b,0.42857142857142855,0.2222222222222222,0.3333333333333333,0.7142857142857143,0.625
68739e9fea43329e18232df6,0.5,0.42857142857142855,0.5555555555555556,0.6666666666666666,0.42857142857142855
68739819ea43329e182326e9,0.16666666666666666,0.42857142857142855,0.42857142857142855,1.0,0.5714285714285714
687391f36d0cac00078a4c64,0.42857142857142855,0.25,0.5,0.42857142857142855,0.42857142857142855
687390527e65e500074c6bcc,0.5,0.25,0.3333333333333333,0.7142857142857143,0.3333333333333333
68738da09806b40008ad3b91,0.625,0.42857142857142855,0.42857142857142855,0.8888888888888888,0.42857142857142855
687388fea448ee0009207bb0,0.42857142857142855,0.42857142857142855,0.2222222222222222,0.875,0.3333333333333333
68738640a272820007559a03,0.2857142857142857,0.2857142857142857,0.3333333333333333,0.6666666666666666,0.5
6873751e58a8dd000836c3ee,1.0,0.125,0.375,0.625,0.8333333333333334
687373855a0c20000848696e,1.0,0.375,0.42857142857142855,0.8888888888888888,0.42857142857142855
6873700e5d00140007f4cac6,0.14285714285714285,0.2857142857142857,0.16666666666666666,0.5,0.42857142857142855
68736e689b98b0000736fc5e,0.42857142857142855,0.1111111111111111,0.2857142857142857,0.625,0.375
68734f81d7d68a00084fa0a5,0.4,0.3333333333333333,0.3333333333333333,0.5,0.42857142857142855
687349432d7e520008143267,0.14285714285714285,0.0,0.4,0.5,0.16666666666666666
6872ca1fea43329e1822a98e,0.42857142857142855,0.0,0.42857142857142855,0.625,0.2222222222222222
6872bec7d858ec0007807f95,0.625,0.375,0.5555555555555556,0.375,0.42857142857142855
6872a771ea43329e18228b62,0.5,0.42857142857142855,0.42857142857142855,0.625,0.42857142857142855
6872a77eea43329e18228b85,0.2,0.2857142857142857,0.16666666666666666,0.375,0.25
6872a0fa9f95900007f0f846,0.1111111111111111,0.2857142857142857,0.3,0.5714285714285714,0.7142857142857143
68729b9b7485b900080f60c9,1.0,0.6666666666666666,0.42857142857142855,0.5555555555555556,0.5
687280ad83320a000898e652,0.3333333333333333,0.42857142857142855,0.25,0.5,0.3333333333333333
687280c3ea43329e1822581f,0.42857142857142855,0.42857142857142855,0.42857142857142855,0.5,0.42857142857142855
68726bef30dbbc0008ccf6ef,0.5,0.5,0.5555555555555556,1.0,0.42857142857142855
68726ade11c289000876d185,1.0,0.3,0.375,0.875,0.375
68724fe55875d400088d82f4,0.8333333333333334,0.7142857142857143,0.5,0.7777777777777778,0.5
68723d902eabe70008c31046,0.5,0.5,0.5,0.5,0.42857142857142855
68721785591efd000821fd0a,0.375,0.375,0.42857142857142855,0.5555555555555556,0.42857142857142855
6872164f591efd000821fd02,1.0,1.0,1.0,0.8333333333333334,0.8333333333333334
6871a14a7dd30900082bee28,0.125,0.375,0.2857142857142857,0.3333333333333333,0.2857142857142857
687225e9ea43329e1821f352,0.2727272727272727,0.2857142857142857,0.42857142857142855,0.375,0.5
6872222f21de0600083e69b2,1.0,0.3333333333333333,0.3333333333333333,0.25,0.375
68721988591efd000821fd17,0.42857142857142855,0.75,0.5,0.42857142857142855,0.2857142857142857
68720ea6591efd000821fcda,0.16666666666666666,0.3333333333333333,0.0,0.42857142857142855,0.3333333333333333
68720be5d308100008ec86c4,0.3333333333333333,0.42857142857142855,0.2857142857142857,0.5555555555555556,0.42857142857142855
686f5eb76c381b00086980fd,0.8333333333333334,0.25,0.5,0.8888888888888888,0.8888888888888888
687157abea43329e1821b013,0.3333333333333333,0.2222222222222222,0.5,0.375,0.375
687148f6349f5500064fa290,0.5,0.1111111111111111,0.2857142857142857,0.875,0.3333333333333333
6871392c9e1a840007c32cca,0.8333333333333334,0.42857142857142855,0.42857142857142855,0.7777777777777778,0.42857142857142855
687124c7ea43329e18219552,0.5,0.2857142857142857,0.42857142857142855,0.6,0.42857142857142855
6870e39016fb7c000823135b,1.0,0.375,0.3,0.7142857142857143,0.75
6870e3deea43329e18216255,0.16666666666666666,0.16666666666666666,0.0,0.4,0.3333333333333333
6870e280ea43329e182161a1,0.14285714285714285,0.3333333333333333,0.16666666666666666,0.42857142857142855,0.2857142857142857
6870d1ba1345e40007bdf0ac,0.5714285714285714,0.5,0.5,0.7777777777777778,0.5
6870caf094076b0008a68d26,0.1111111111111111,0.0,0.1111111111111111,0.375,0.125
6870c6485fa4800008a320b0,0.5714285714285714,0.42857142857142855,0.14285714285714285,0.8333333333333334,0.8333333333333334
6870b3b083d8e200080b6e2b,0.0,0.09090909090909091,0.0,0.09090909090909091,0.09090909090909091
6870b3ec85f3bb000786ebdf,0.375,0.2857142857142857,0.5,0.7,0.5
6870b26776e7d9000827870c,1.0,0.3333333333333333,0.3333333333333333,0.8333333333333334,0.4
68704d2379deda0008f586be,0.7142857142857143,0.5555555555555556,0.5,0.5555555555555556,0.5
687037fcbcb7f70008735378,0.5714285714285714,0.5,0.42857142857142855,0.5555555555555556,0.42857142857142855
68700099ea43329e18210241,1.0,0.2,0.16666666666666666,0.875,0.3333333333333333
68700099ea43329e18210244,1.0,0.5,0.5,0.8333333333333334,0.125
6870009aea43329e18210248,1.0,0.3,0.2,0.5714285714285714,0.3333333333333333
687028dacb3ce70008ee3df3,0.2857142857142857,0.42857142857142855,0.375,0.5,0.6
6870181f7a8fc400084daec0,0.0,0.2857142857142857,0.14285714285714285,0.5714285714285714,0.3333333333333333
687006fc04d81a00089e2706,1.0,0.42857142857142855,1.0,0.8333333333333334,1.0
687004a504d81a00089e26fc,0.6,0.42857142857142855,0.6,0.4444444444444444,0.42857142857142855
686ffc646eb3dd0008c035b8,0.3333333333333333,0.25,0.3,0.42857142857142855,0.2222222222222222
686fee27ea43329e1820edbe,0.8333333333333334,0.375,0.5,0.8571428571428571,0.42857142857142855
686ff9d36eb3dd0008c035a2,1.0,0.625,0.2857142857142857,1.0,0.5
686ff1e0627c5c000828685d,1.0,0.8333333333333334,0.6,0.8333333333333334,0.8333333333333334
686ff11a627c5c0008286859,1.0,0.4,1.0,0.8333333333333334,0.8
686febdb627c5c0008286831,0.75,0.4,0.375,0.7142857142857143,0.8333333333333334
686fc2203345e9000868dd81,0.2,0.5,0.3333333333333333,0.42857142857142855,0.2857142857142857
686fb3f48fc1750008ce79e2,0.625,0.625,1.0,0.42857142857142855,0.16666666666666666
686fa8e4b2a5ab0008afa3ef,0.5,0.8333333333333334,0.5,0.625,0.25
686f8e800610030008684470,0.375,0.2857142857142857,0.5,0.75,0.5
686f8abc77087a0008412eab,0.0,0.3333333333333333,0.5,0.625,0.3333333333333333
686f84cf334b870008c00ee6,0.3,0.0,0.1111111111111111,0.42857142857142855,0.3333333333333333
686f81dd1b7064000852e068,1.0,0.3333333333333333,0.2222222222222222,0.42857142857142855,0.5
686f6aa31b7064000852dfda,1.0,0.42857142857142855,0.5,0.8333333333333334,1.0
686f69a31b7064000852dfcf,0.16666666666666666,0.125,0.3333333333333333,0.5,0.42857142857142855
686f6d4f1b7064000852dff6,1.0,0.6,0.3333333333333333,0.3333333333333333,0.2
686f6db81b7064000852dffa,0.42857142857142855,0.42857142857142855,0.3333333333333333,0.7777777777777778,0.5
686f6cdd1b7064000852dff3,0.3,0.7142857142857143,0.5,0.7777777777777778,0.5
686f6c8d1b7064000852dfef,0.2857142857142857,0.2857142857142857,0.3333333333333333,0.42857142857142855,0.42857142857142855
686f6b171b7064000852dfe1,0.3,0.125,0.2857142857142857,0.42857142857142855,0.42857142857142855
686f69d51b7064000852dfd1,0.6,0.625,0.42857142857142855,0.7142857142857143,0.7142857142857143
686f5a386c381b00086980ec,1.0,0.42857142857142855,0.7142857142857143,0.4,0.42857142857142855
686ecbb2c048a400066cf0e1,1.0,0.3,0.375,1.0,0.75
686ea0b7d2c7a200087a6d2d,0.8333333333333334,0.5,0.7142857142857143,0.8333333333333334,0.42857142857142855
686e79154c68cb0008d1cf3c,1.0,0.8,0.5714285714285714,0.7142857142857143,0.5714285714285714
686e789dc049970008be56a5,0.14285714285714285,0.3,0.2,0.5555555555555556,0.42857142857142855
686e6efd593bbf000781e8c1,1.0,0.7142857142857143,0.5,0.625,0.5
686e7420ea43329e181fae7f,1.0,0.0,0.5,0.7777777777777778,0.6
686e3e6dea43329e181f6ea6,1.0,0.42857142857142855,1.0,0.8333333333333334,0.6
686e4acbea43329e181f7e67,1.0,0.4,0.42857142857142855,0.6666666666666666,1.0
686e4acdea43329e181f7e6a,0.375,0.375,0.2857142857142857,0.625,0.375
686e4ad3ea43329e181f7e84,0.3333333333333333,0.2857142857142857,0.3333333333333333,1.0,0.42857142857142855
686e4ad6ea43329e181f7e92,1.0,0.42857142857142855,0.3333333333333333,0.8333333333333334,0.3333333333333333
686e57cc34f2fc000986abd7,0.42857142857142855,0.42857142857142855,0.42857142857142855,0.7777777777777778,0.42857142857142855
686e4ebd9184e30007bec886,0.08333333333333333,0.3,0.3,0.875,0.6
686e49becd2a4a00083b49d4,0.2,0.0,0.16666666666666666,0.3333333333333333,0.14285714285714285
686e3843d873790007810105,1.0,0.18181818181818182,0.5,0.8888888888888888,0.42857142857142855
686e2bc1ea43329e181f57c3,0.7142857142857143,0.5,0.5,0.75,0.6666666666666666
686e21014d37a500082a8cf8,0.7142857142857143,0.42857142857142855,0.09090909090909091,0.5555555555555556,0.375
686e18eb680b8000071724d6,0.8333333333333334,0.2857142857142857,0.5,0.7777777777777778,0.5
686d7ba089443b0007f0bc9b,1.0,0.5555555555555556,0.375,1.0,0.375
686d7ab120c54c0007bc7489,1.0,0.42857142857142855,0.75,0.8333333333333334,0.25
686d5a2fb8220800086948e6,0.6666666666666666,0.16666666666666666,0.42857142857142855,0.7777777777777778,0.5
686d54a5ea43329e181ee3da,0.125,0.5,0.2,0.375,0.7142857142857143
686d4c19ea35900008ea85f3,0.8333333333333334,0.5,0.5,0.75,0.3333333333333333
686d4bf6879eaa00059acb65,0.8571428571428571,0.42857142857142855,0.42857142857142855,0.8888888888888888,0.42857142857142855
686d2645b156220007ce86ec,1.0,0.2727272727272727,0.375,0.75,0.375
686d40f48c37830008abb90e,0.42857142857142855,0.42857142857142855,0.42857142857142855,0.8888888888888888,0.5
686d3cdc946bee0008c6d43d,1.0,0.3,0.375,0.5555555555555556,0.8
686d23118b47750008ec2341,0.625,0.625,0.16666666666666666,0.625,0.42857142857142855
686d3b943c8fb60007fb06c9,0.125,0.16666666666666666,0.5,0.625,0.3333333333333333
686d2e081771f70008cf381d,0.0,0.0,0.2,0.6,0.3333333333333333
686d2b138b3cf90008014d23,0.16666666666666666,0.0,0.16666666666666666,0.2857142857142857,0.16666666666666666
686d21544c4a130007ce4fb3,1.0,0.5555555555555556,0.3333333333333333,0.875,0.75
686d19cfea43329e181e97a0,0.5,0.1,0.2857142857142857,0.7,0.4
686d18017ee302000798ae43,1.0,0.42857142857142855,1.0,0.8333333333333334,0.8333333333333334
686d13c93473a80007f0b16a,0.8333333333333334,0.5,0.375,0.625,0.42857142857142855
686cfaceea43329e181e6ae1,1.0,0.8333333333333334,1.0,0.8333333333333334,0.8333333333333334
686cecc7fa54c70007da43ad,0.0,0.2857142857142857,0.25,0.5,0.25
686ce0895e6d0900074a6688,0.6,0.25,0.42857142857142855,0.5555555555555556,0.5
686cde7317c37900086039ce,0.5,0.2857142857142857,0.5555555555555556,0.8888888888888888,0.375
686cd5bfde3a6b00076efb23,1.0,0.42857142857142855,0.5,0.8333333333333334,0.8333333333333334
686cd6c1ea43329e181e4296,0.5,0.42857142857142855,0.4444444444444444,0.7777777777777778,0.625
686cce0ce8da2f00078f914e,1.0,0.42857142857142855,0.375,0.875,0.8333333333333334
686cbd7e23c95300085b4bd6,1.0,0.625,0.5,0.8888888888888888,0.42857142857142855
686c5bd32c29660009379239,0.42857142857142855,0.0,0.5,0.42857142857142855,0.5
686c2ea5ea43329e181df476,0.6,0.7142857142857143,0.0,0.42857142857142855,0.25
686c0594ea43329e181dd382,0.5,0.3333333333333333,0.16666666666666666,0.5714285714285714,0.42857142857142855
686c057dc1b1d00007c1ebf4,0.5,0.2727272727272727,0.5,0.875,0.8
686c04c8ac3e7000085bbae4,0.75,0.5555555555555556,0.5,0.7142857142857143,0.375
686bf28e8806500007ca4fad,0.5714285714285714,0.6,0.42857142857142855,0.5555555555555556,0.5
686be7cde85f40000844c8c6,1.0,0.5,0.42857142857142855,0.8571428571428571,0.42857142857142855
686be573ea43329e181db6dd,0.42857142857142855,0.6666666666666666,0.5,1.0,0.5
686bd3e44de64b00074a46a5,0.42857142857142855,0.375,0.375,0.7,0.375
686bd4074de64b00074a46a8,0.42857142857142855,0.3333333333333333,0.3333333333333333,0.42857142857142855,0.42857142857142855
686bd4e7ea43329e181da8bf,1.0,0.18181818181818182,0.5,0.6,0.5
686bd57e5c572d00085e35ae,1.0,0.18181818181818182,0.5,0.5555555555555556,0.5
686bd3f84de64b00074a46a7,1.0,0.42857142857142855,0.42857142857142855,0.8888888888888888,0.42857142857142855
686bd098d2427c00083bbea3,0.1,0.5,0.42857142857142855,1.0,0.2857142857142857
686bc55af7a3560008a474f3,0.125,0.2857142857142857,0.16666666666666666,0.42857142857142855,0.2
686bc1ad685ddc000771f3c5,1.0,0.2222222222222222,0.42857142857142855,0.5555555555555556,0.5
686baf2158483c000613dabc,0.7142857142857143,0.42857142857142855,0.42857142857142855,0.42857142857142855,0.5
686ba23c63b2ac000697dd75,0.6666666666666666,0.5,0.5,0.8333333333333334,1.0
686b9f9653e19000077c05ec,0.6,0.2857142857142857,0.2,0.375,0.125
686b9f9605545f0008d6c6e7,0.8333333333333334,0.1111111111111111,0.2222222222222222,0.6666666666666666,0.16666666666666666
686b987f0ce5c000087d4a81,0.8333333333333334,0.2,0.5,0.7777777777777778,0.5
686b7db1ac93170007e5f06e,0.3333333333333333,0.2222222222222222,0.3333333333333333,0.5,0.375
686b8ad50253cf0006499446,1.0,0.42857142857142855,0.5,0.5555555555555556,0.5
686b79a45033a60007c2630a,0.5,0.6,0.75,1.0,1.0
686b7affceede800089b056b,0.625,0.25,0.2857142857142857,0.7,0.5555555555555556
686b75cff0adb00008ab783b,0.42857142857142855,0.375,0.375,1.0,0.42857142857142855
686b672dd7effd0007d1ebc6,0.5,0.2857142857142857,0.5,0.6666666666666666,0.6666666666666666
686aa883ea43322faa6f6238,0.6,0.42857142857142855,0.5,0.5555555555555556,0.5714285714285714
686aa884ea43322faa6f623b,0.42857142857142855,0.42857142857142855,0.2857142857142857,0.5555555555555556,0.5
686aa886ea43322faa6f6242,0.5,0.42857142857142855,0.5,0.8333333333333334,0.5
686aa887ea43322faa6f6245,0.14285714285714285,0.2857142857142857,0.25,0.375,0.3333333333333333
686addcc1ddc8f00087beff3,0.6,0.3333333333333333,0.0,1.0,0.8571428571428571
686abddd7c10e10008134367,0.2857142857142857,0.3333333333333333,0.3333333333333333,0.42857142857142855,0.42857142857142855
686ac5fd0590be0008172780,0.0,0.16666666666666666,0.14285714285714285,0.42857142857142855,0.2857142857142857
686abeb7ea43322faa6f7aae,0.5,0.42857142857142855,0.3333333333333333,0.2,0.42857142857142855
686ab0ac57ab0c00068fd8ac,1.0,0.2727272727272727,0.375,0.875,0.75
686a9f2af0506e0008cb276e,1.0,0.8,0.42857142857142855,0.42857142857142855,0.5
686a9d2e8f53b10008530d34,0.7142857142857143,0.5,0.5,0.75,0.3333333333333333
686a979eaab37d0008660a1f,0.8333333333333334,0.8333333333333334,0.5,1.0,0.7142857142857143
686a96ddea43322faa6f4b18,0.3333333333333333,0.2857142857142857,0.42857142857142855,0.3333333333333333,0.625
686a8b8f8cc5a10007b1be8a,0.14285714285714285,0.0,0.16666666666666666,0.25,0.14285714285714285
686a805665b4130007243093,0.0,0.125,0.14285714285714285,0.625,0.14285714285714285
686a77c46808940006ecfdad,1.0,0.42857142857142855,1.0,0.8333333333333334,0.8333333333333334
686a68c5d6c19d000813e5b2,0.7142857142857143,0.5555555555555556,0.5,0.8571428571428571,0.5
686a65cac3ee360006727b8b,0.25,0.0,0.14285714285714285,0.4,0.3333333333333333
686a55a88e5f270007895f91,0.0,0.16666666666666666,0.2,0.7142857142857143,0.16666666666666666
686a51c445bfba000601fc75,0.5714285714285714,0.16666666666666666,0.7142857142857143,1.0,0.7142857142857143
686a32eaea43322faa6ef450,0.0,0.14285714285714285,0.4,0.7142857142857143,0.4
686a2a6463d15f00088d758e,1.0,0.42857142857142855,0.5,0.7142857142857143,0.5
686a28ad1ec0a5000608615d,0.0,0.2,0.14285714285714285,0.3333333333333333,0.16666666666666666
686a24f7b37ba80008b06a1e,0.375,0.25,0.4,0.4444444444444444,0.8333333333333334
68696ea6ea43322faa6e96a0,1.0,0.2857142857142857,0.42857142857142855,1.0,0.42857142857142855
68696ea7ea43322faa6e96a5,0.625,0.5,0.42857142857142855,0.625,0.42857142857142855
686971d6466781000964282d,0.7142857142857143,0.2727272727272727,0.5,0.5555555555555556,0.5
68696cc5ea43322faa6e9447,1.0,0.42857142857142855,1.0,0.8333333333333334,0.42857142857142855
686968a0ba377e0007119c5d,0.42857142857142855,0.42857142857142855,0.375,0.42857142857142855,0.2857142857142857
686968befd847f0007e2260f,1.0,0.2222222222222222,0.42857142857142855,0.75,0.5
68695d80a3603900086e60e5,1.0,0.42857142857142855,1.0,0.8333333333333334,0.8333333333333334
68695b5fd3ee540008c4e970,0.8333333333333334,0.6,0.5,0.6666666666666666,0.625
68695b65d3ee540008c4e971,0.8333333333333334,0.42857142857142855,0.42857142857142855,0.7777777777777778,0.5
6869526f2259ce0007549786,0.625,0.625,0.42857142857142855,0.875,0.5
686950a4e965c500074ec6a9,0.16666666666666666,0.375,0.3333333333333333,0.3333333333333333,0.3333333333333333
68694ad9eca2950007e8ac32,0.5,0.125,0.25,0.625,0.375
68692d9998c33d000769e193,0.3333333333333333,0.625,0.375,0.875,0.5
684d8cff5bd4880008896e8d,0.5714285714285714,0.42857142857142855,0.375,0.8571428571428571,0.5
68692ecfea43322faa6e5858,0.42857142857142855,0.42857142857142855,0.5,0.625,0.5
68691cc258cee60008c2e72a,0.8333333333333334,0.6,0.5,1.0,0.42857142857142855
68691b895c676c000777d08c,1.0,0.5714285714285714,0.3333333333333333,0.1111111111111111,0.8333333333333334
68690e0eea43322faa6e3974,1.0,0.42857142857142855,0.42857142857142855,0.14285714285714285,0.42857142857142855
68690e0eea43322faa6e3971,0.16666666666666666,0.42857142857142855,0.16666666666666666,0.875,0.42857142857142855
68690e07ea43322faa6e3946,1.0,0.42857142857142855,1.0,0.8333333333333334,0.5
68690e05ea43322faa6e393c,0.0,0.25,0.2,0.375,0.25
686907d1ea43322faa6e307b,1.0,0.5,0.375,0.875,0.375
686907d0ea43322faa6e3078,0.14285714285714285,0.2857142857142857,0.16666666666666666,0.375,0.2857142857142857
686907c6ea43322faa6e3056,0.5,0.14285714285714285,0.3333333333333333,0.5,0.3333333333333333
6869072cde4c3f00085b0c68,0.5,0.42857142857142855,0.2857142857142857,0.42857142857142855,0.4
6868fb9aea43322faa6e1f30,0.0,0.07692307692307693,0.3333333333333333,0.6666666666666666,0.2857142857142857
6868fb90ea43322faa6e1f14,0.16666666666666666,0.3333333333333333,0.375,0.5,0.25
6868ec2c7faf0c0006fbe1b3,0.0,0.18181818181818182,0.2857142857142857,0.75,0.375
6868ec2c7faf0c0006fbe1b2,1.0,0.5555555555555556,0.3333333333333333,0.625,0.5
6868e55ae11ed70008122d09,0.2857142857142857,0.4,0.2857142857142857,0.7777777777777778,0.42857142857142855
6868e67298cc0e0008428a84,0.2857142857142857,0.0,0.125,0.5,0.3333333333333333
6868e45f8e3c7a0009234f63,0.8333333333333334,0.625,0.5,0.5,0.42857142857142855
6868d4c520832c0008a002fa,0.0,0.42857142857142855,0.2857142857142857,0.7777777777777778,0.2857142857142857
6868d1fd809bb3000815d21a,0.375,0.3333333333333333,0.625,0.75,0.7142857142857143
6868d14b24f983000831ad0a,0.5,0.25,0.2857142857142857,0.375,0.42857142857142855
6868d0297378ca0008a73dee,1.0,0.6,0.5,0.6666666666666666,0.5
6868c950ea43322faa6dede5,1.0,0.42857142857142855,0.375,0.875,0.75
6867ea7562e5780008c026ca,0.5,0.14285714285714285,0.4,0.6666666666666666,0.3333333333333333
6868554e77c165000979ff0b,0.5,0.25,0.5,0.5,0.25
686825e9d4cfa8000860a5a7,0.7142857142857143,0.1111111111111111,0.5,0.5,0.5
686821a2ea43322faa6daf27,1.0,0.375,0.5,0.5555555555555556,0.42857142857142855
68681588ea43322faa6da893,1.0,0.375,0.42857142857142855,0.625,0.42857142857142855
68680cbf55296a0007b4eed3,1.0,0.0,0.42857142857142855,0.625,0.42857142857142855
686803411d245c00083f7d94,1.0,1.0,1.0,0.3333333333333333,1.0
6867e4bc7b0bf70007e3eac1,0.42857142857142855,0.125,0.5,0.2222222222222222,0.5
6867e255ea43322faa6d8aaa,1.0,0.4,0.375,0.875,0.375
6867c7b4ea43322faa6d72d7,0.5,0.16666666666666666,0.2857142857142857,0.5,0.42857142857142855
6867c7b8ea43322faa6d72ea,0.0,0.16666666666666666,0.14285714285714285,0.14285714285714285,0.0
6867c05806c28c0006f781de,1.0,0.3,0.375,0.875,0.7142857142857143
6867be5c2ee2580008d0460b,0.7142857142857143,0.3333333333333333,0.5,0.5555555555555556,0.375
6867b8a9ac4a620007f55419,0.5,0.3333333333333333,0.5,0.6666666666666666,0.5
6867b47f705f220006bb31bf,1.0,0.2727272727272727,0.375,0.875,0.375
6867ab759e90c20007f60c39,0.375,0.1111111111111111,0.3333333333333333,0.5555555555555556,0.42857142857142855
686790398765160006d54b3c,1.0,0.2222222222222222,0.42857142857142855,0.625,0.6
6866d3332c3f7a000883bd7b,1.0,0.2727272727272727,0.375,0.875,0.75
6866bf26ea43322faa6cebd5,0.8333333333333334,0.5,0.42857142857142855,0.375,0.42857142857142855
6866aadf9a54f9000622b4b7,1.0,0.5,0.5,0.8333333333333334,0.75
6866ab1aea43322faa6cd4c7,0.8333333333333334,0.2857142857142857,0.5,0.75,0.5
6866a910ea43322faa6cd26c,0.375,0.5,0.5,0.625,0.42857142857142855
68669a889efa4600072c85de,0.42857142857142855,0.2857142857142857,0.5,0.625,0.5
68668bb2dea8660008cfd7e2,0.0,0.2,0.4,0.5,0.8
686687df3c462b0008287bd0,0.8333333333333334,0.375,0.625,0.7142857142857143,0.6666666666666666
686681ca735ce90007daa09f,0.8333333333333334,0.125,0.5,0.5,0.8333333333333334
686682b05dbd7d0008ed1931,0.2,0.375,0.25,0.5555555555555556,0.2857142857142857
68668268aa22ec00095f7563,0.625,0.5,0.5,0.375,0.5
686679ea44d1290007b8ae54,0.5,0.5,0.375,0.875,0.75
68667a46ea43325f348f8153,0.5,0.42857142857142855,0.4,0.7142857142857143,0.42857142857142855
6866755881a8030008196737,1.0,0.5714285714285714,0.3333333333333333,0.8333333333333334,0.8333333333333334
6866747e5bb383000748cb51,0.8333333333333334,0.2,0.5,0.6666666666666666,0.5
68665f1b8f54210007ba9da8,0.8333333333333334,0.375,0.42857142857142855,0.625,0.625
68665500a8f93a0007b4e657,0.125,0.25,0.16666666666666666,0.42857142857142855,0.25
68663e1cea43325f348f3cff,0.42857142857142855,0.2,0.5,0.8888888888888888,0.5
68662d6f4cebd00007a648b3,0.8333333333333334,0.4444444444444444,0.5,0.8888888888888888,0.6666666666666666
68662bc0fe4f7f0007eadbdf,0.5,0.1111111111111111,0.5,0.5555555555555556,0.5
68662c717a7ecf0006e4c736,0.5555555555555556,0.7142857142857143,0.42857142857142855,0.8571428571428571,0.42857142857142855
68662a98f148af0009100ac3,0.4,0.2,0.4,0.6,0.4
6866233f076e1a0007ac3fd9,0.3333333333333333,0.1111111111111111,0.2222222222222222,0.5555555555555556,0.2222222222222222
6865a7529aa00b0005e0227d,0.14285714285714285,0.0,0.125,0.2222222222222222,0.14285714285714285
68657e2bea433202e8c402b7,0.16666666666666666,0.0,0.16666666666666666,0.42857142857142855,0.2
68656ce3a6842400076d52e2,0.7142857142857143,0.42857142857142855,0.5,0.75,0.42857142857142855
686569bb231d070008df98a4,0.5,0.09090909090909091,0.2857142857142857,0.875,0.375
68655ece6f3f970008a83ae3,1.0,0.5714285714285714,1.0,0.8333333333333334,0.8333333333333334
6865518bc914fb0007bf7023,0.6666666666666666,0.2857142857142857,0.42857142857142855,0.6666666666666666,0.5
6865455fe432be00089e44e6,0.5,0.75,0.42857142857142855,0.8888888888888888,0.375
68498340c196330007488665,0.25,0.16666666666666666,0.4,0.6666666666666666,0.4
6865359cea433202e8c3afdf,0.6666666666666666,0.0,0.4,0.3333333333333333,0.4
68653597ea433202e8c3afc2,0.0,0.2857142857142857,0.25,0.5,0.4
686533feea433202e8c3ad6a,0.42857142857142855,0.0,0.2857142857142857,0.375,0.2857142857142857
686531179b7b510007db0b60,1.0,0.0,0.2,0.2727272727272727,0.8333333333333334
68652e2dd299f80007235e3e,1.0,0.2857142857142857,0.5,1.0,0.5
686527e6e87c960007b25eb8,0.6666666666666666,0.5,0.5,0.75,0.3333333333333333
686521083f95b800078e2f63,1.0,0.3333333333333333,1.0,0.8333333333333334,0.7142857142857143
686523a29e57d100081e79f5,0.42857142857142855,0.25,0.375,0.7777777777777778,0.3
686521dfea433202e8c39996,0.0,0.25,0.16666666666666666,0.2857142857142857,0.14285714285714285
68651300e0bafe0007373a42,0.2,0.0,0.16666666666666666,0.42857142857142855,0.42857142857142855
68650416ea433202e8c375fb,0.6,0.16666666666666666,0.1111111111111111,0.16666666666666666,0.16666666666666666
68650938ea433202e8c37d85,0.375,0.375,0.375,0.875,0.2222222222222222
6864f8b0ea433202e8c36b0f,1.0,0.2,0.5714285714285714,0.8333333333333334,1.0
6864e9faea433202e8c3597a,0.5,0.3333333333333333,0.42857142857142855,0.8571428571428571,0.5
6864e83351244e00071848b0,0.7142857142857143,0.375,0.5,0.1,0.625
6864e5a18493990007e9da62,0.375,0.25,0.5,1.0,0.4
6864dfc3823984000734cd4a,1.0,0.18181818181818182,0.09090909090909091,0.5555555555555556,0.2
6864dee78ed54a00085dd499,0.625,0.375,0.3333333333333333,0.5555555555555556,0.375
68641653e0ef460007617735,1.0,0.42857142857142855,0.375,0.8333333333333334,1.0
6864c1b91dfe8b0007248310,1.0,0.5,0.5,0.3333333333333333,0.5
6864322af67a75000762a18a,0.16666666666666666,0.14285714285714285,0.0,0.42857142857142855,0.0
686431fb4234480009fbb572,0.25,0.125,0.2,0.5555555555555556,0.625
6864265df148b20008e875a6,0.375,0.0,0.5,0.42857142857142855,0.4
686411bcea433202e8c2f539,0.375,0.4,0.42857142857142855,0.7142857142857143,0.42857142857142855
686411beea433202e8c2f53f,0.6,0.3333333333333333,0.2857142857142857,0.8333333333333334,0.2857142857142857
686411bfea433202e8c2f546,0.5,0.1111111111111111,0.2857142857142857,1.0,0.3333333333333333
686411c9ea433202e8c2f5aa,0.125,0.125,0.25,0.5,0.2222222222222222
6862a77e8f974b0008427a4a,1.0,0.18181818181818182,0.42857142857142855,0.8888888888888888,0.42857142857142855
6864077cdf5b780007a60146,1.0,0.8333333333333334,0.375,0.875,0.125
68640530db04290008af9ff7,1.0,0.3,0.375,0.875,0.75
6863fa7350a8910006ab88d3,0.375,0.0,0.3333333333333333,1.0,0.25
6863fc7256241300093c73da,0.0,0.42857142857142855,0.375,0.875,0.42857142857142855
6863e2ca5c27080009bcab68,1.0,0.16666666666666666,1.0,0.6666666666666666,0.6
6863ddf02b8a9f0007a496d1,1.0,0.4,0.07692307692307693,1.0,0.2857142857142857
6863d2f1bd3fb200088913e9,0.3333333333333333,0.0,0.3333333333333333,0.42857142857142855,0.42857142857142855
6863cabc6a8ff80007982591,0.5,0.2222222222222222,0.375,0.75,0.42857142857142855
6863c9ac96a7fc00085fd563,1.0,0.2857142857142857,0.5,0.7142857142857143,0.3333333333333333
6863b7effc3d500007105bee,0.5,0.42857142857142855,0.2857142857142857,0.5555555555555556,0.2857142857142857
6863afe9ea433202e8c288b7,0.5,0.3333333333333333,0.3333333333333333,0.42857142857142855,0.2857142857142857
6863b145e895500007290734,0.16666666666666666,0.7142857142857143,0.42857142857142855,0.3333333333333333,0.5
6863aac9514ea30007958ea5,0.8571428571428571,0.375,0.375,0.875,0.5
6863a1be49e89b0008b33437,1.0,0.25,0.5,0.875,0.5
6863a075e5855700055e6c01,0.7142857142857143,0.2,0.42857142857142855,0.42857142857142855,0.3333333333333333
68639e2e2cd42e0007b8b176,0.7142857142857143,0.5,0.42857142857142855,0.8888888888888888,0.42857142857142855
68638d6ff8a4810007a2d502,0.18181818181818182,0.2,0.5,1.0,0.7272727272727273
68638a02ea433202e8c25dc0,0.16666666666666666,0.1111111111111111,0.125,0.4444444444444444,0.375
6863085d8ac57900092d9b34,0.8333333333333334,0.3333333333333333,0.375,0.625,0.3333333333333333
6862e01493a0490007b7506f,0.1,0.1111111111111111,0.1,0.375,0.1
6862dd9aea433202e8c226fc,0.0,0.75,0.42857142857142855,0.14285714285714285,0.42857142857142855
6862d7f1ea433202e8c22053,0.3333333333333333,0.16666666666666666,0.16666666666666666,0.16666666666666666,0.3333333333333333
6862d6bc1e4cf700070a4572,0.125,0.6,0.16666666666666666,0.5555555555555556,0.2
6862aafdbc664c0008c7e71e,0.8333333333333334,0.5,0.2857142857142857,0.75,0.5
68629b2fccbb3a0007f5803d,1.0,0.3333333333333333,0.2857142857142857,0.6666666666666666,0.2857142857142857
68629b56ea433202e8c1e0a8,0.0,0.3333333333333333,0.3333333333333333,0.16666666666666666,0.3333333333333333
68629b5fea433202e8c1e0d7,0.2222222222222222,0.375,0.42857142857142855,0.42857142857142855,0.5
68629a4bc3db66000725ead2,0.6666666666666666,0.2222222222222222,0.42857142857142855,0.5555555555555556,0.42857142857142855
68629985ea433202e8c1dee7,1.0,0.42857142857142855,0.3333333333333333,0.5555555555555556,0.5
686293a0f8d9600007dfc60d,0.4,0.16666666666666666,0.15384615384615385,0.5555555555555556,0.2857142857142857
686294249b357e0008dc2094,0.7142857142857143,0.375,0.5,0.625,0.42857142857142855
68624f3400d28500080e764b,1.0,0.5,1.0,0.8333333333333334,0.8333333333333334
68618ed3977edf0007b85e68,0.0,0.25,0.5,0.5714285714285714,0.2
686291c5eda212000869b9aa,0.5,0.5555555555555556,0.375,0.875,0.75
686272ccfdb65600085f1e37,0.2857142857142857,0.0,0.2857142857142857,0.375,0.25
686271c0f27273000890359c,1.0,0.5555555555555556,0.5,0.625,0.5
68626f0c8ba6e30007d27a23,0.14285714285714285,0.42857142857142855,0.375,0.3333333333333333,0.375
68626428f3d9490008cbdc1f,1.0,0.3,0.3333333333333333,0.2727272727272727,0.8
68625d79604cc800055248c1,0.8,0.6,0.5,0.625,0.5
68625dbe604cc800055248c3,0.8333333333333334,0.42857142857142855,0.5,0.6666666666666666,0.3333333333333333
68625c848ac2940007c4a7d4,0.6666666666666666,0.8,0.2857142857142857,0.75,0.5
686251b174d821000718913a,0.7142857142857143,0.375,0.5,0.875,0.5
68624d18ea433202e8c18850,0.42857142857142855,0.42857142857142855,0.2857142857142857,0.75,0.375
68624d17ea433202e8c1884d,0.42857142857142855,0.0,0.3333333333333333,0.42857142857142855,0.42857142857142855
68624d13ea433202e8c18832,0.16666666666666666,0.2,0.2,0.125,0.2
68624921f5b852000857858d,0.14285714285714285,0.2857142857142857,0.16666666666666666,0.375,0.3333333333333333
686236da6afe0c0007367dc5,0.5,0.5,0.5,0.7,0.42857142857142855
6862242ac6ddb50008c289f2,0.375,0.3,0.3333333333333333,0.08333333333333333,0.125
6861a8464e27b80007c151df,0.42857142857142855,0.5,0.5,0.7777777777777778,0.42857142857142855
686141f0434f300007cee961,0.625,0.42857142857142855,0.3333333333333333,0.875,0.3333333333333333
686190ff167564000895e8d0,1.0,0.2727272727272727,0.375,0.875,0.375
68618fba093e9200097942f3,0.42857142857142855,0.2857142857142857,0.3333333333333333,0.5555555555555556,0.42857142857142855
686171379fc1af000761199b,0.0,0.0,0.0,0.125,0.14285714285714285
68615d66ea433202e8c10578,0.2857142857142857,0.25,0.125,0.375,0.18181818181818182
6861696b95dfda00076c18a2,1.0,0.4444444444444444,0.5,1.0,0.5
68615d6bea433202e8c1058e,0.5,0.16666666666666666,0.16666666666666666,0.42857142857142855,0.5
68615d6dea433202e8c1059b,0.2,0.6,0.2,0.8333333333333334,0.2
68615d70ea433202e8c105ed,0.5714285714285714,0.5,0.5,0.75,0.5
68615d70ea433202e8c105f0,0.6,0.3333333333333333,0.42857142857142855,0.5714285714285714,0.25
6861689a9b23680008c6fefc,0.42857142857142855,0.42857142857142855,0.5,0.42857142857142855,0.3333333333333333
6861654a63dc9b00073e8913,1.0,0.42857142857142855,0.4,0.6,0.3333333333333333
68615d98e659030008d280da,1.0,0.3333333333333333,0.5,0.125,0.6
68615bf96174f80008d9e047,0.0,0.2,0.0,0.3333333333333333,0.125
6861551b37a99f0007e3fea0,1.0,0.42857142857142855,0.375,0.875,0.75
68613ca62b64a90007ae5bee,0.0,0.42857142857142855,0.42857142857142855,1.0,0.42857142857142855
686146a3251aac000887cad9,0.42857142857142855,0.2222222222222222,0.42857142857142855,0.75,0.42857142857142855
686132cdb0bb82000656a077,1.0,0.625,0.42857142857142855,0.8571428571428571,0.5
68612bbbe1e3400007a3b5b8,0.5,0.14285714285714285,0.2857142857142857,0.1,0.1111111111111111
68611dc7ea433202e8c0c7dd,0.2727272727272727,0.7777777777777778,0.5555555555555556,0.7142857142857143,0.375
68610d7c4ae4870006375d9d,0.16666666666666666,0.3333333333333333,0.2857142857142857,0.7142857142857143,0.2857142857142857
686108f5ea433202e8c0b747,0.7142857142857143,0.0,0.5555555555555556,0.8888888888888888,0.375
6860fa2287cff40007c6796b,0.16666666666666666,0.1,0.0,0.3333333333333333,0.09090909090909091
6860f01d7e8a2a0008530fcb,0.8333333333333334,0.25,0.5,0.7142857142857143,0.2857142857142857
6860ed43f74e5f00072fb0d3,1.0,0.625,0.5,0.875,0.75
6860669bbc72780008d3a823,1.0,0.375,0.375,0.6666666666666666,0.375
686043f81d162f0008df86d9,0.0,0.0,0.0,0.0,0.0
68604da0ea433202e8c06363,0.2857142857142857,0.16666666666666666,0.3333333333333333,0.3333333333333333,0.3333333333333333
68603c34ea433202e8c05549,0.5,0.2857142857142857,0.42857142857142855,0.42857142857142855,0.42857142857142855
68603c36ea433202e8c0554c,0.0,0.0,0.0,0.3333333333333333,0.25
68603c39ea433202e8c0555e,0.5,0.5,0.375,0.7142857142857143,0.375
68602ab5f262150007118b52,0.42857142857142855,0.2,0.3333333333333333,0.3333333333333333,0.2
685aa39e0178e900086f0d2b,0.5,0.0,0.42857142857142855,0.2,0.3333333333333333
68601eee4071100008034d23,0.16666666666666666,0.16666666666666666,0.25,0.8333333333333334,0.8333333333333334
686011a37110d3000650e735,1.0,0.0,0.375,1.0,0.42857142857142855
685fe6160022f6000849637f,0.3333333333333333,0.2857142857142857,0.7142857142857143,0.8888888888888888,0.5
685ff9fa7fcb7700073cc14e,1.0,0.4,0.4,0.6,0.6666666666666666
686004f2f2046f0007b7d933,1.0,0.42857142857142855,0.6,0.8333333333333334,0.8333333333333334
6860018c41b7c4000856752a,1.0,0.625,0.375,0.6666666666666666,0.3333333333333333
685ffff90ba62d00075130dc,0.8333333333333334,0.25,0.5,0.7777777777777778,0.42857142857142855
685fef7b926ca800078c0ab7,0.5,0.3,0.375,0.875,0.375
685fe684a83b7800081b2a59,0.16666666666666666,0.3333333333333333,0.4,0.42857142857142855,0.3333333333333333
685fd042ea433202e8bfeaa6,0.5,0.42857142857142855,0.5,0.625,0.42857142857142855
685fd45aca851400085068b0,1.0,0.5,0.4,0.6666666666666666,0.3333333333333333
685fd387ce45cf0007c3f7f2,1.0,0.2727272727272727,0.375,0.875,0.75
685fcd0b12c6760007fa276b,0.3333333333333333,0.42857142857142855,0.42857142857142855,0.375,0.42857142857142855
685fcfa76ca08800065841e4,1.0,0.42857142857142855,1.0,0.8,0.8333333333333334
685fc9f29735ca0007d22f05,0.42857142857142855,0.16666666666666666,0.42857142857142855,0.75,0.3333333333333333
685fad484d25b600084f87c0,0.2857142857142857,0.3333333333333333,0.42857142857142855,1.0,0.42857142857142855
685fa9af455aad0008311eed,1.0,0.5,0.3333333333333333,0.8888888888888888,0.42857142857142855
685fb8a8d0ff450008868a58,1.0,0.18181818181818182,0.42857142857142855,0.875,0.5
685f9503dc050e000894f626,0.6,0.3333333333333333,0.5,0.75,0.5
685f934adc050e000894f61e,0.6,0.42857142857142855,0.42857142857142855,0.8571428571428571,0.42857142857142855
685f8a4ebac4ab0008273fe3,0.7142857142857143,0.42857142857142855,0.5,0.8888888888888888,0.5
685f85410b0cec0008f6c2b8,0.8333333333333334,0.42857142857142855,0.5,0.5555555555555556,0.5
685f62c9c0dda50008f88324,1.0,0.42857142857142855,0.42857142857142855,0.3333333333333333,0.5714285714285714
685f3d086cce3a00086ae97a,1.0,0.8571428571428571,0.5,0.5,0.5
685f353ce0685f0008d4de77,0.625,0.42857142857142855,0.5,0.7142857142857143,0.5
685f0a324474c900075e3f97,0.5,0.1111111111111111,0.8333333333333334,0.3333333333333333,0.5
685ede3b6f883600067fc464,0.5555555555555556,0.25,0.42857142857142855,0.625,0.42857142857142855
685e98a4ea433202e8bf3dd1,0.8333333333333334,0.3333333333333333,0.5,0.6,0.42857142857142855
685e98a5ea433202e8bf3dd8,0.14285714285714285,0.125,0.2857142857142857,0.375,0.1111111111111111
685e98a7ea433202e8bf3de0,0.0,0.0,0.16666666666666666,0.25,0.16666666666666666
685e98aaea433202e8bf3dec,0.75,0.3333333333333333,0.4,1.0,0.5
685ea1d0db84c30007ff01d6,0.8333333333333334,0.6666666666666666,0.5,0.5,0.42857142857142855
685e8b8e36ca7a00074c1a0b,0.3333333333333333,0.125,0.2857142857142857,0.3333333333333333,0.3333333333333333
685e8bc02dbd3700073db008,0.23076923076923078,0.25,0.5,0.42857142857142855,0.2857142857142857
685e7c16ea433202e8bf2683,1.0,0.3333333333333333,1.0,0.5,1.0
685e6d65b08d740007b08859,0.0,0.0,0.25,0.42857142857142855,0.2857142857142857
685e77a04f1c480007a36da4,0.125,0.7142857142857143,0.2857142857142857,0.7142857142857143,0.625
685e6519d638710007a48aef,0.3333333333333333,0.14285714285714285,0.4,0.42857142857142855,0.14285714285714285
685e56cc807add000893d830,1.0,0.5,1.0,0.8333333333333334,0.8333333333333334
685e5cc5c688a60007ab7bef,1.0,0.16666666666666666,0.42857142857142855,0.625,0.5
685e5cc4c688a60007ab7bee,0.3333333333333333,0.2857142857142857,0.3333333333333333,0.42857142857142855,0.5
685dccfa906cc60008446070,0.5,0.375,0.42857142857142855,0.8571428571428571,0.2222222222222222
685dc6ec9b7eb100072ba40a,1.0,0.375,0.5,0.7142857142857143,0.42857142857142855
685dbd94ea4332da595f3479,0.42857142857142855,0.16666666666666666,0.375,0.5555555555555556,0.375
685dbd90ea4332da595f346b,0.5,0.2857142857142857,0.16666666666666666,0.5555555555555556,0.3333333333333333
685dbd81ea4332da595f3438,0.5,0.0,0.5,1.0,0.5
685dbd80ea4332da595f3435,0.375,0.375,0.42857142857142855,0.8,0.42857142857142855
685db4b1e04cdd000770ccb4,1.0,0.3333333333333333,0.42857142857142855,0.5714285714285714,0.5
685d9b2ae641e300071fb136,0.42857142857142855,0.375,0.42857142857142855,0.5555555555555556,0.3333333333333333
685d9a1256853b0008ecfb6c,0.3333333333333333,0.2,0.3333333333333333,0.8333333333333334,0.4
685d8a3f20ee870008fe18d6,0.7142857142857143,0.6,0.5,0.5555555555555556,0.3333333333333333
685d7b52acb2820007ba7958,1.0,0.6666666666666666,0.2857142857142857,0.8333333333333334,0.75
685d7d98be0b65000601e01c,1.0,0.3333333333333333,0.75,0.8333333333333334,0.8333333333333334
685d75cca3886200080b8e57,1.0,0.8333333333333334,1.0,1.0,0.75
685d63dc3575690007871283,0.42857142857142855,0.5,0.2857142857142857,0.7142857142857143,0.2857142857142857
685d5822b43f520007538a96,0.42857142857142855,0.42857142857142855,0.42857142857142855,1.0,0.42857142857142855
685d5814b43f520007538a95,0.5,0.42857142857142855,0.7142857142857143,0.7777777777777778,0.375
685d4ad700d72d0007e32698,0.42857142857142855,0.5,0.5,0.5,0.16666666666666666
685d3a19391308000802aa44,0.16666666666666666,0.2857142857142857,0.16666666666666666,0.42857142857142855,0.14285714285714285
685d34866b3a1d00090780f4,0.42857142857142855,0.375,0.2857142857142857,0.7142857142857143,0.2857142857142857
685d1a080d241a0007e72b5c,0.0,0.42857142857142855,0.2857142857142857,1.0,0.3333333333333333
685d1403777cf60008356293,0.0,0.3333333333333333,0.2857142857142857,0.42857142857142855,0.2857142857142857
685d11d2353c5800089a29d3,0.42857142857142855,0.375,0.5,0.6,0.42857142857142855
685d0c0c0a92be00089595d0,1.0,0.5,0.375,0.875,0.375
685d0a2b97f8d70009675dff,1.0,0.8333333333333334,0.375,0.875,0.375
685d09f28206b10007d86a20,0.16666666666666666,0.16666666666666666,0.14285714285714285,0.5,0.25
685d016d42750d0007678a70,0.125,0.125,0.125,0.3333333333333333,0.14285714285714285
685d00c641a0f300084c3eae,0.6666666666666666,0.5,0.42857142857142855,0.8,0.6
685cf77daf57770008783ca3,0.8333333333333334,0.42857142857142855,0.6666666666666666,0.7777777777777778,0.5555555555555556
685cfc52769c96000745865a,0.8333333333333334,0.5,0.5,0.8571428571428571,0.5
685cef7fea4332da595e673f,0.42857142857142855,0.5,0.42857142857142855,0.5555555555555556,0.42857142857142855
685cf045ea4332da595e6805,1.0,0.2727272727272727,0.375,1.0,0.75
685cdabe1427d80007413db9,0.16666666666666666,0.3333333333333333,0.2,0.5,0.3333333333333333
685c4a4e4783590007c464ee,0.375,0.0,0.375,0.375,0.3333333333333333
685c48648ac83a0007149fcd,0.0,0.2,0.0,0.16666666666666666,0.5
685c485f8ac83a0007149fcc,0.75,0.25,0.4,0.625,0.4
685c484e7ce14e00064150c4,0.42857142857142855,0.42857142857142855,0.2857142857142857,0.5555555555555556,0.3333333333333333
685c453a711ae500066c07b1,0.16666666666666666,0.375,0.2857142857142857,0.5,0.25
685c5c6f9db87400071e393a,0.625,0.3,0.375,0.875,0.75
685c4d3fea4332da595e2557,0.8333333333333334,0.2857142857142857,0.2857142857142857,0.8888888888888888,0.5
685c4d48ea4332da595e257e,0.25,0.16666666666666666,0.14285714285714285,0.375,0.375
685c4d4bea4332da595e2587,0.5,0.8333333333333334,0.5,0.75,0.42857142857142855
685c4d55ea4332da595e25a8,0.2857142857142857,0.375,0.2857142857142857,0.6,0.42857142857142855
685c439e943ae10008b71628,0.1111111111111111,0.0,0.0,0.1111111111111111,0.1
685c41c1bab27c0007d5f07b,0.8333333333333334,0.5,0.5,0.625,0.3333333333333333
685c37f5a63bf8000863864a,0.5,0.6,0.5,1.0,0.5
685c2443693feb0007f00d59,0.8333333333333334,0.6666666666666666,0.6,0.625,0.5
685c196612dfc30007083225,0.2727272727272727,0.08333333333333333,0.25,0.5555555555555556,0.2
685c10d01a853f0008642db3,1.0,0.375,0.125,0.7142857142857143,0.2857142857142857
685c133d60789100074883ed,0.0,0.1111111111111111,0.16666666666666666,0.2727272727272727,0.125
685c122cc017080007fba1e6,1.0,0.2222222222222222,0.5,0.75,0.5
685c0c73ea4332da595de24c,0.5714285714285714,0.42857142857142855,0.5,0.7777777777777778,0.5
685c0ac3ea4332da595de09c,1.0,0.3,0.375,1.0,0.375
685c07ae7ae5730008ef8d4a,0.14285714285714285,0.14285714285714285,0.14285714285714285,0.2857142857142857,0.16666666666666666
685c046f987d8d00067f454c,0.3333333333333333,0.25,0.0,0.42857142857142855,0.3333333333333333
685bf87ad4c76e0007b6fc68,0.3333333333333333,0.125,0.2222222222222222,0.6,0.42857142857142855
685bf8205a795f000756aa71,0.625,0.4,0.2857142857142857,0.6,0.2857142857142857
685be1dedf80d600072d4dec,0.5,0.2,0.5,0.875,0.5
685bd880ea4332da595da833,0.3333333333333333,0.2857142857142857,0.375,0.42857142857142855,0.3333333333333333
685bd87eea4332da595da830,0.4,0.25,0.0,0.6,0.2857142857142857
685be0652d93b30007d2593c,1.0,0.2727272727272727,0.375,0.75,0.75
685bde08067640000756499c,0.0,0.42857142857142855,0.3333333333333333,0.375,0.375
685bb0656c553a0008554849,0.3333333333333333,0.5,0.375,0.6666666666666666,0.7142857142857143
685bd0a1961d5f0006d583c7,0.14285714285714285,0.18181818181818182,0.42857142857142855,0.42857142857142855,0.2857142857142857
685bcef0416df4000856d58d,0.42857142857142855,0.42857142857142855,0.3333333333333333,0.5555555555555556,0.3333333333333333
685bc912961dc800088ae3a3,0.375,0.3333333333333333,0.2,0.42857142857142855,0.3333333333333333
685baab08284eb00079630be,0.14285714285714285,0.4,0.4,1.0,0.4
685ba7e6a30d3d00079d7a4e,1.0,0.25,0.375,0.8571428571428571,0.42857142857142855
685b2051ea4332f310d866e8,1.0,0.2857142857142857,0.5,0.7142857142857143,0.7142857142857143
685b2050ea4332f310d866e5,1.0,0.5,0.5,1.0,0.5
685afb3dea4332f310d850de,0.2222222222222222,0.375,0.25,0.42857142857142855,0.42857142857142855
685ae0e24b936400086a351e,0.4444444444444444,0.375,0.25,0.7,0.2222222222222222
685ae3e2493ee70008c6608d,1.0,0.375,0.5,0.875,0.75
685adbd1ea4332f310d831ac,1.0,0.375,0.375,0.875,0.375
685ad341ea4332f310d82617,0.375,0.3333333333333333,0.3333333333333333,0.5714285714285714,0.6666666666666666
685acf44ea4332f310d81f7d,0.3333333333333333,0.1111111111111111,0.2857142857142857,0.5555555555555556,0.5
685acf43ea4332f310d81f79,0.6,0.2,0.42857142857142855,0.625,0.5
685ace9a4c5e9400074b1d4d,0.1111111111111111,0.0,0.14285714285714285,0.2857142857142857,0.14285714285714285
685ace7f4c5e9400074b1d4c,0.375,0.4,0.5,0.8,0.8333333333333334
685ab4b95eef0200078fb15c,0.7142857142857143,0.8333333333333334,0.625,0.5,0.7142857142857143
685ab3721c5fa30007e20a10,0.3,0.375,0.375,0.75,0.375
685aae5b7ea26600086c9a6e,0.625,0.5,0.7142857142857143,0.375,0.6
685aaa52ea4332f310d7f1c6,0.42857142857142855,0.25,0.0,0.3333333333333333,0.2857142857142857
685aa90b3f176c000809d563,0.0,0.3333333333333333,0.3333333333333333,0.8,0.3333333333333333
685a962a456b490008faf9b4,1.0,0.5555555555555556,0.2222222222222222,0.875,0.75
685a947ff777390008de047b,0.125,0.16666666666666666,0.5,0.4,0.4
685a93e1ec4bda0007690b6f,0.3333333333333333,0.42857142857142855,0.4,0.7142857142857143,0.2857142857142857
685a8e2b359bdd0007be5f81,1.0,0.42857142857142855,0.42857142857142855,0.8571428571428571,0.5
685a7be3ea4332f310d7bc32,0.125,0.2857142857142857,0.2857142857142857,0.2,0.125
685a760f210b340008f22192,1.0,0.375,0.5,0.5555555555555556,0.375
685a738e2095550007c5a85b,0.42857142857142855,0.5,0.42857142857142855,1.0,0.42857142857142855
685a70b01f977d000758e4f7,1.0,0.3,0.375,0.875,0.875
685a6c83ea4332f310d7aafb,0.2857142857142857,0.2857142857142857,0.3333333333333333,0.25,0.42857142857142855
685a65ed1767a80007b3f0d8,0.18181818181818182,0.3333333333333333,0.3333333333333333,0.375,0.625
685a5f91d5ad3c0007aa7d78,0.42857142857142855,0.5,0.5,0.8571428571428571,0.5
685a5e88cbb5450008381a19,0.5,0.3333333333333333,0.5,0.8888888888888888,0.5555555555555556
683c7f4cdd524a000719ae19,0.0,0.0,0.0,0.42857142857142855,0.42857142857142855
685a5944a53aba0008ea965d,0.7142857142857143,0.2857142857142857,0.5,0.625,0.5
6859bb60ea4332f310d7578f,1.0,0.5714285714285714,0.5,0.8333333333333334,1.0
6859bb5eea4332f310d75785,0.16666666666666666,0.3333333333333333,0.16666666666666666,0.42857142857142855,0.25
6859a25aaa497400082fa471,1.0,0.2727272727272727,0.375,1.0,0.42857142857142855
6859a269ea4332f310d7456d,0.8333333333333334,0.6666666666666666,0.25,0.42857142857142855,0.42857142857142855
6859a0cd36344900064aa743,1.0,0.6,0.5,0.5555555555555556,0.42857142857142855
685996f54531ae00090428d9,0.0,0.3333333333333333,0.3333333333333333,0.6666666666666666,0.42857142857142855
6859954d9931f40008e8a84e,1.0,0.5555555555555556,0.375,0.875,0.42857142857142855
685990b2d3a00400063a0091,1.0,0.5,0.42857142857142855,0.625,0.5
68598ee6ea4332f310d73337,0.25,0.2727272727272727,0.375,1.0,0.5
68598e8cf505b9000734e92f,1.0,0.3333333333333333,0.2857142857142857,0.5555555555555556,0.375
685952b4ea4332f310d6f7da,1.0,0.625,0.375,1.0,0.5714285714285714
685952b5ea4332f310d6f7ee,1.0,0.5714285714285714,1.0,0.8333333333333334,0.8333333333333334
68597c3060b5b90007cec5f8,0.0,0.1111111111111111,0.16666666666666666,0.625,0.2857142857142857
6859734b32e59a0008e10729,0.0,0.1111111111111111,0.2857142857142857,0.42857142857142855,0.2857142857142857
685971c6bd0f830007c51bd5,1.0,1.0,1.0,0.8333333333333334,0.8333333333333334
685966eef5a38a0008d3c713,1.0,0.5714285714285714,0.42857142857142855,0.8888888888888888,0.42857142857142855
685967556a0c9b0008161535,0.6,0.42857142857142855,0.42857142857142855,0.7142857142857143,1.0
6859669be074d8000784cb3c,0.14285714285714285,0.16666666666666666,0.3333333333333333,0.5,0.6
685964347f8c280007776644,0.3333333333333333,0.42857142857142855,0.7142857142857143,0.625,0.7142857142857143
6859465d1733ef0007d419f5,1.0,0.5,0.75,0.8333333333333334,0.7142857142857143
685930a34bd5ad00083e4ea1,0.6,0.1,0.375,0.875,0.75
68592ec0e51f4d000606619e,1.0,0.3333333333333333,0.3333333333333333,0.42857142857142855,0.5
68592eb9ea4332f310d6d669,0.8333333333333334,0.5,0.5,0.5555555555555556,0.42857142857142855
68592809ea4332f310d6ce08,0.0,0.0,0.3333333333333333,0.3333333333333333,0.2
68591e85985868000986092b,1.0,0.3,0.5,0.5555555555555556,0.5
68591ad4f195c30009c719b7,0.42857142857142855,0.18181818181818182,0.5,0.6666666666666666,0.5
6859190fec702000085b7ba2,0.42857142857142855,0.5,0.5,0.5555555555555556,0.5
6859182caedacc0007569ab1,0.5,0.2,0.5,0.8888888888888888,0.5
68590fb878908500077eb00b,0.375,0.2857142857142857,0.25,1.0,0.3333333333333333
68582332ce05d1000663a93b,0.16666666666666666,0.3333333333333333,0.3333333333333333,0.7142857142857143,0.42857142857142855
68590a2fea4332f310d6a8d4,0.6,0.42857142857142855,0.375,0.7142857142857143,0.5
68590162208cce000705cc6e,1.0,1.0,1.0,0.8333333333333334,0.8
6858df3de6b6940007f5e814,0.3333333333333333,0.0,0.125,0.25,0.2857142857142857
6858dc12aade9a0009573d70,0.125,0.2857142857142857,0.3333333333333333,0.5555555555555556,0.5
